wt,m2,m3,m4,m5,m6,m7,m8,m9,m10,m11,yr,mo,Date
1,Samstag,36,0,9,27,0,9,40,2,38,2011,10,2011-10-01
2,Sonntag,41,0,9,32,0,11,42,5,46,2011,10,2011-10-02
3,Montag,25,0,3,22,0,3,25,3,28,2011,10,2011-10-03
4,Dienstag,48,1,6,41,1,6,46,3,51,2011,10,2011-10-04
5,Mittwoch,34,0,6,28,0,7,31,1,35,2011,10,2011-10-05
6,Donnerstag,49,0,5,44,0,6,48,3,52,2011,10,2011-10-06
7,Freitag,42,0,6,36,0,6,40,2,44,2011,10,2011-10-07
8,Samstag,41,0,8,33,0,8,43,5,46,2011,10,2011-10-08
9,Sonntag,23,0,3,20,0,3,25,9,32,2011,10,2011-10-09
10,Montag,75,0,6,69,0,7,78,3,78,2011,10,2011-10-10
11,Dienstag,61,0,8,53,0,8,59,4,65,2011,10,2011-10-11
12,Mittwoch,49,0,6,43,0,6,45,2,51,2011,10,2011-10-12
13,Donnerstag,40,0,2,38,0,2,50,1,41,2011,10,2011-10-13
14,Freitag,50,0,8,42,0,8,59,6,56,2011,10,2011-10-14
15,Samstag,34,2,7,25,2,7,37,0,34,2011,10,2011-10-15
16,Sonntag,33,0,3,30,0,3,36,3,36,2011,10,2011-10-16
17,Montag,49,1,5,43,1,5,50,2,51,2011,10,2011-10-17
18,Dienstag,57,0,10,47,0,10,54,3,60,2011,10,2011-10-18
19,Mittwoch,40,0,5,35,0,5,45,2,42,2011,10,2011-10-19
20,Donnerstag,52,0,11,41,0,11,50,3,55,2011,10,2011-10-20
21,Freitag,49,0,4,45,0,4,55,3,52,2011,10,2011-10-21
22,Samstag,40,1,6,33,1,6,39,2,42,2011,10,2011-10-22
23,Sonntag,25,0,3,22,0,3,34,5,30,2011,10,2011-10-23
24,Montag,50,0,2,48,0,2,55,3,53,2011,10,2011-10-24
25,Dienstag,60,1,9,50,1,9,61,0,60,2011,10,2011-10-25
26,Mittwoch,68,0,7,61,0,8,65,2,70,2011,10,2011-10-26
27,Donnerstag,56,0,10,46,0,10,54,2,58,2011,10,2011-10-27
28,Freitag,49,1,3,45,1,3,53,3,52,2011,10,2011-10-28
29,Samstag,30,0,5,25,0,5,34,4,34,2011,10,2011-10-29
30,Sonntag,28,0,7,21,0,7,30,6,34,2011,10,2011-10-30
31,Montag,55,0,3,52,0,3,59,4,59,2011,10,2011-10-31
1,Dienstag,59,1,5,53,1,5,59,5,64,2011,11,2011-11-01
2,Mittwoch,45,1,7,37,1,7,39,2,47,2011,11,2011-11-02
3,Donnerstag,48,0,4,44,0,4,49,3,51,2011,11,2011-11-03
4,Freitag,42,0,5,37,0,6,39,3,45,2011,11,2011-11-04
5,Samstag,29,0,9,20,0,9,29,2,31,2011,11,2011-11-05
6,Sonntag,20,0,3,17,0,4,26,3,23,2011,11,2011-11-06
7,Montag,33,0,3,30,0,3,40,2,35,2011,11,2011-11-07
8,Dienstag,47,0,8,39,0,8,44,8,55,2011,11,2011-11-08
9,Mittwoch,35,0,5,30,0,5,37,1,36,2011,11,2011-11-09
10,Donnerstag,44,0,5,39,0,6,48,0,44,2011,11,2011-11-10
11,Freitag,34,0,4,30,0,4,40,4,38,2011,11,2011-11-11
12,Samstag,27,0,5,22,0,5,36,6,33,2011,11,2011-11-12
13,Sonntag,16,0,4,12,0,4,17,6,22,2011,11,2011-11-13
14,Montag,38,0,7,31,0,7,35,4,42,2011,11,2011-11-14
15,Dienstag,27,0,7,20,0,8,23,1,28,2011,11,2011-11-15
16,Mittwoch,44,1,5,38,1,5,44,4,48,2011,11,2011-11-16
17,Donnerstag,24,0,3,21,0,3,28,5,29,2011,11,2011-11-17
18,Freitag,49,0,5,44,0,5,53,2,51,2011,11,2011-11-18
19,Samstag,29,0,6,23,0,6,38,4,33,2011,11,2011-11-19
20,Sonntag,17,0,0,17,0,0,18,2,19,2011,11,2011-11-20
21,Montag,42,0,5,37,0,5,40,2,44,2011,11,2011-11-21
22,Dienstag,44,0,4,40,0,4,47,2,46,2011,11,2011-11-22
23,Mittwoch,26,0,2,24,0,3,27,1,27,2011,11,2011-11-23
24,Donnerstag,36,0,4,32,0,4,36,4,40,2011,11,2011-11-24
25,Freitag,53,0,7,46,0,7,55,8,61,2011,11,2011-11-25
26,Samstag,28,0,1,27,0,1,31,5,33,2011,11,2011-11-26
27,Sonntag,19,0,1,18,0,1,22,5,24,2011,11,2011-11-27
28,Montag,33,0,7,26,0,7,34,4,37,2011,11,2011-11-28
29,Dienstag,45,0,6,39,0,6,45,3,48,2011,11,2011-11-29
30,Mittwoch,50,0,7,43,0,7,55,6,56,2011,11,2011-11-30
1,Donnerstag,41,0,2,39,0,2,50,1,42,2011,12,2011-12-01
2,Freitag,35,0,4,31,0,4,34,7,42,2011,12,2011-12-02
3,Samstag,28,0,5,23,0,5,34,4,32,2011,12,2011-12-03
4,Sonntag,31,0,6,25,0,7,32,2,33,2011,12,2011-12-04
5,Montag,45,0,8,37,0,8,47,8,53,2011,12,2011-12-05
6,Dienstag,31,0,4,27,0,4,34,4,35,2011,12,2011-12-06
7,Mittwoch,66,0,13,53,0,13,64,7,73,2011,12,2011-12-07
8,Donnerstag,42,0,5,37,0,5,43,4,46,2011,12,2011-12-08
9,Freitag,45,0,9,36,0,9,44,2,47,2011,12,2011-12-09
10,Samstag,25,0,4,21,0,4,25,5,30,2011,12,2011-12-10
11,Sonntag,12,0,2,10,0,2,12,3,15,2011,12,2011-12-11
12,Montag,72,0,13,59,0,13,64,4,76,2011,12,2011-12-12
13,Dienstag,63,0,4,59,0,4,68,5,68,2011,12,2011-12-13
14,Mittwoch,53,1,11,41,1,11,47,4,57,2011,12,2011-12-14
15,Donnerstag,36,0,2,34,0,2,44,2,38,2011,12,2011-12-15
16,Freitag,64,1,7,56,1,7,68,5,69,2011,12,2011-12-16
17,Samstag,22,0,3,19,0,3,26,4,26,2011,12,2011-12-17
18,Sonntag,20,0,4,16,0,6,22,2,22,2011,12,2011-12-18
19,Montag,37,1,0,36,1,0,44,2,39,2011,12,2011-12-19
20,Dienstag,26,0,6,20,0,6,23,5,31,2011,12,2011-12-20
21,Mittwoch,53,0,8,45,0,8,57,4,57,2011,12,2011-12-21
22,Donnerstag,29,1,5,23,1,5,28,4,33,2011,12,2011-12-22
23,Freitag,31,0,3,28,0,3,38,4,35,2011,12,2011-12-23
24,Samstag,13,0,3,10,0,3,14,6,19,2011,12,2011-12-24
25,Sonntag,18,0,1,17,0,1,19,3,21,2011,12,2011-12-25
26,Montag,18,0,4,14,0,4,23,2,20,2011,12,2011-12-26
27,Dienstag,16,0,2,14,0,3,22,2,18,2011,12,2011-12-27
28,Mittwoch,20,0,4,16,0,4,20,2,22,2011,12,2011-12-28
29,Donnerstag,22,0,4,18,0,5,22,2,24,2011,12,2011-12-29
30,Freitag,23,0,5,18,0,6,23,5,28,2011,12,2011-12-30
31,Samstag,10,0,1,9,0,1,12,4,14,2011,12,2011-12-31
1,Sonntag,24,0,8,16,0,8,23,4,28,2012,01,2012-01-01
2,Montag,37,0,7,30,0,7,35,1,38,2012,01,2012-01-02
3,Dienstag,33,0,7,26,0,9,30,3,36,2012,01,2012-01-03
4,Mittwoch,27,0,12,15,0,12,17,2,29,2012,01,2012-01-04
5,Donnerstag,40,0,4,36,0,5,40,7,47,2012,01,2012-01-05
6,Freitag,30,0,4,26,0,5,29,4,34,2012,01,2012-01-06
7,Samstag,30,0,7,23,0,7,28,3,33,2012,01,2012-01-07
8,Sonntag,14,0,3,11,0,3,11,4,18,2012,01,2012-01-08
9,Montag,42,0,4,38,0,4,51,3,45,2012,01,2012-01-09
10,Dienstag,29,0,4,25,0,4,40,0,29,2012,01,2012-01-10
11,Mittwoch,25,0,3,22,0,3,24,3,28,2012,01,2012-01-11
12,Donnerstag,36,0,8,28,0,8,36,5,41,2012,01,2012-01-12
13,Freitag,27,0,8,19,0,8,24,5,32,2012,01,2012-01-13
14,Samstag,16,0,1,15,0,1,21,2,18,2012,01,2012-01-14
15,Sonntag,14,0,1,13,0,1,18,1,15,2012,01,2012-01-15
16,Montag,34,0,3,31,0,3,39,3,37,2012,01,2012-01-16
17,Dienstag,52,1,4,47,1,4,55,6,58,2012,01,2012-01-17
18,Mittwoch,38,0,3,35,0,3,40,4,42,2012,01,2012-01-18
19,Donnerstag,52,0,4,48,0,4,55,4,56,2012,01,2012-01-19
20,Freitag,39,0,1,38,0,4,46,3,42,2012,01,2012-01-20
21,Samstag,30,0,7,23,0,9,34,4,34,2012,01,2012-01-21
22,Sonntag,16,0,3,13,0,3,15,5,21,2012,01,2012-01-22
23,Montag,51,0,5,46,0,5,50,5,56,2012,01,2012-01-23
24,Dienstag,33,0,2,31,0,2,38,1,34,2012,01,2012-01-24
25,Mittwoch,31,0,1,30,0,1,36,4,35,2012,01,2012-01-25
26,Donnerstag,43,0,5,38,0,6,44,2,45,2012,01,2012-01-26
27,Freitag,16,0,4,12,0,4,18,5,21,2012,01,2012-01-27
28,Samstag,17,0,2,15,0,2,19,3,20,2012,01,2012-01-28
29,Sonntag,14,0,1,13,0,1,13,3,17,2012,01,2012-01-29
30,Montag,18,0,1,17,0,1,20,1,19,2012,01,2012-01-30
31,Dienstag,15,0,3,12,0,3,16,0,15,2012,01,2012-01-31
1,Mittwoch,22,0,2,20,0,2,25,2,24,2012,02,2012-02-01
2,Donnerstag,30,0,5,25,0,5,34,2,32,2012,02,2012-02-02
3,Freitag,29,0,0,29,0,0,34,3,32,2012,02,2012-02-03
4,Samstag,28,0,2,26,0,2,33,5,33,2012,02,2012-02-04
5,Sonntag,19,0,3,16,0,3,18,8,27,2012,02,2012-02-05
6,Montag,37,1,3,33,1,3,36,3,40,2012,02,2012-02-06
7,Dienstag,18,1,6,11,1,6,14,2,20,2012,02,2012-02-07
8,Mittwoch,38,0,2,36,0,2,47,4,42,2012,02,2012-02-08
9,Donnerstag,37,0,1,36,0,1,43,4,41,2012,02,2012-02-09
10,Freitag,36,0,7,29,0,8,36,4,40,2012,02,2012-02-10
11,Samstag,18,0,4,14,0,4,22,6,24,2012,02,2012-02-11
12,Sonntag,7,0,1,6,0,1,7,8,15,2012,02,2012-02-12
13,Montag,18,0,5,13,0,5,14,3,21,2012,02,2012-02-13
14,Dienstag,36,0,8,28,0,8,34,2,38,2012,02,2012-02-14
15,Mittwoch,25,1,0,24,1,0,31,2,27,2012,02,2012-02-15
16,Donnerstag,22,0,4,18,0,4,21,2,24,2012,02,2012-02-16
17,Freitag,32,1,4,27,1,4,28,4,36,2012,02,2012-02-17
18,Samstag,23,0,4,19,0,4,27,8,31,2012,02,2012-02-18
19,Sonntag,9,0,1,8,0,1,9,3,12,2012,02,2012-02-19
20,Montag,35,0,8,27,0,8,34,8,43,2012,02,2012-02-20
21,Dienstag,28,0,6,22,0,6,28,4,32,2012,02,2012-02-21
22,Mittwoch,21,0,3,18,0,3,28,1,22,2012,02,2012-02-22
23,Donnerstag,18,0,0,18,0,0,19,4,22,2012,02,2012-02-23
24,Freitag,36,0,5,31,0,5,33,2,38,2012,02,2012-02-24
25,Samstag,25,0,4,21,0,5,26,2,27,2012,02,2012-02-25
26,Sonntag,14,0,1,13,0,1,19,1,15,2012,02,2012-02-26
27,Montag,31,0,4,27,0,4,31,2,33,2012,02,2012-02-27
28,Dienstag,31,1,4,26,1,8,33,5,36,2012,02,2012-02-28
29,Mittwoch,31,0,9,22,0,9,28,2,33,2012,02,2012-02-29
1,Donnerstag,39,0,4,35,0,5,45,1,40,2012,03,2012-03-01
2,Freitag,30,0,3,27,0,3,30,4,34,2012,03,2012-03-02
3,Samstag,36,0,7,29,0,7,35,4,40,2012,03,2012-03-03
4,Sonntag,11,0,1,10,0,1,12,2,13,2012,03,2012-03-04
5,Montag,30,0,3,27,0,3,38,1,31,2012,03,2012-03-05
6,Dienstag,35,0,7,28,0,7,31,3,38,2012,03,2012-03-06
7,Mittwoch,24,0,2,22,0,2,27,3,27,2012,03,2012-03-07
8,Donnerstag,30,0,4,26,0,4,31,0,30,2012,03,2012-03-08
9,Freitag,38,0,5,33,0,5,40,5,43,2012,03,2012-03-09
10,Samstag,14,0,0,14,0,0,18,4,18,2012,03,2012-03-10
11,Sonntag,20,0,5,15,0,6,23,4,24,2012,03,2012-03-11
12,Montag,39,0,7,32,0,7,36,3,42,2012,03,2012-03-12
13,Dienstag,28,0,6,22,0,7,24,1,29,2012,03,2012-03-13
14,Mittwoch,21,0,5,16,0,7,21,1,22,2012,03,2012-03-14
15,Donnerstag,26,0,6,20,0,6,22,2,28,2012,03,2012-03-15
16,Freitag,59,0,5,54,0,6,61,5,64,2012,03,2012-03-16
17,Samstag,41,0,3,38,0,3,43,6,47,2012,03,2012-03-17
18,Sonntag,21,0,3,18,0,3,19,1,22,2012,03,2012-03-18
19,Montag,37,0,2,35,0,2,40,2,39,2012,03,2012-03-19
20,Dienstag,41,1,3,37,1,3,44,1,42,2012,03,2012-03-20
21,Mittwoch,31,0,4,27,0,4,30,0,31,2012,03,2012-03-21
22,Donnerstag,44,0,3,41,0,3,50,2,46,2012,03,2012-03-22
23,Freitag,53,1,7,45,1,7,52,2,55,2012,03,2012-03-23
24,Samstag,39,0,7,32,0,7,42,2,41,2012,03,2012-03-24
25,Sonntag,22,0,3,19,0,3,24,6,28,2012,03,2012-03-25
26,Montag,46,0,4,42,0,4,44,2,48,2012,03,2012-03-26
27,Dienstag,36,0,6,30,0,6,36,4,40,2012,03,2012-03-27
28,Mittwoch,38,0,6,32,0,6,34,3,41,2012,03,2012-03-28
29,Donnerstag,36,0,5,31,0,5,38,1,37,2012,03,2012-03-29
30,Freitag,39,0,9,30,0,10,35,1,40,2012,03,2012-03-30
31,Samstag,29,0,3,26,0,3,33,5,34,2012,03,2012-03-31
1,Sonntag,21,0,4,17,0,5,21,5,26,2012,04,2012-04-01
2,Montag,35,0,6,29,0,6,30,3,38,2012,04,2012-04-02
3,Dienstag,37,0,8,29,0,8,32,3,40,2012,04,2012-04-03
4,Mittwoch,33,0,5,28,0,5,32,2,35,2012,04,2012-04-04
5,Donnerstag,38,0,6,32,0,6,40,4,42,2012,04,2012-04-05
6,Freitag,23,0,6,17,0,6,24,5,28,2012,04,2012-04-06
7,Samstag,25,0,1,24,0,1,32,2,27,2012,04,2012-04-07
8,Sonntag,9,0,1,8,0,1,18,3,12,2012,04,2012-04-08
9,Montag,24,1,7,16,2,7,19,0,24,2012,04,2012-04-09
10,Dienstag,21,0,5,16,0,5,18,3,24,2012,04,2012-04-10
11,Mittwoch,37,0,6,31,0,6,39,3,40,2012,04,2012-04-11
12,Donnerstag,40,0,1,39,0,1,45,5,45,2012,04,2012-04-12
13,Freitag,39,0,7,32,0,7,37,3,42,2012,04,2012-04-13
14,Samstag,36,0,9,27,0,10,36,0,36,2012,04,2012-04-14
15,Sonntag,18,0,2,16,0,5,23,6,24,2012,04,2012-04-15
16,Montag,44,0,8,36,0,8,47,3,47,2012,04,2012-04-16
17,Dienstag,42,0,11,31,0,11,39,3,45,2012,04,2012-04-17
18,Mittwoch,44,1,4,39,1,4,45,4,48,2012,04,2012-04-18
19,Donnerstag,40,0,3,37,0,3,42,3,43,2012,04,2012-04-19
20,Freitag,51,0,8,43,0,8,52,3,54,2012,04,2012-04-20
21,Samstag,39,0,7,32,0,8,39,6,45,2012,04,2012-04-21
22,Sonntag,17,0,3,14,0,3,14,3,20,2012,04,2012-04-22
23,Montag,48,0,2,46,0,2,53,3,51,2012,04,2012-04-23
24,Dienstag,53,0,9,44,0,9,54,3,56,2012,04,2012-04-24
25,Mittwoch,50,0,8,42,0,8,52,3,53,2012,04,2012-04-25
26,Donnerstag,45,0,6,39,0,6,46,2,47,2012,04,2012-04-26
27,Freitag,61,0,9,52,0,9,57,5,66,2012,04,2012-04-27
28,Samstag,50,0,10,40,0,10,55,4,54,2012,04,2012-04-28
29,Sonntag,22,0,6,16,0,6,19,2,24,2012,04,2012-04-29
30,Montag,55,0,7,48,0,7,55,3,58,2012,04,2012-04-30
1,Dienstag,38,0,10,28,0,10,36,3,41,2012,05,2012-05-01
2,Mittwoch,76,0,10,66,0,10,89,2,78,2012,05,2012-05-02
3,Donnerstag,69,1,4,64,1,4,74,4,73,2012,05,2012-05-03
4,Freitag,55,0,6,49,0,6,52,1,56,2012,05,2012-05-04
5,Samstag,33,0,6,27,0,7,37,5,38,2012,05,2012-05-05
6,Sonntag,18,0,4,14,0,4,20,2,20,2012,05,2012-05-06
7,Montag,43,0,4,39,0,4,42,0,43,2012,05,2012-05-07
8,Dienstag,41,0,4,37,0,5,41,2,43,2012,05,2012-05-08
9,Mittwoch,42,1,7,34,1,7,42,4,46,2012,05,2012-05-09
10,Donnerstag,80,0,7,73,0,7,90,0,80,2012,05,2012-05-10
11,Freitag,60,0,7,53,0,7,63,4,64,2012,05,2012-05-11
12,Samstag,29,0,2,27,0,2,35,6,35,2012,05,2012-05-12
13,Sonntag,18,0,2,16,0,2,20,3,21,2012,05,2012-05-13
14,Montag,61,0,8,53,0,8,61,3,64,2012,05,2012-05-14
15,Dienstag,55,0,7,48,0,8,55,3,58,2012,05,2012-05-15
16,Mittwoch,52,0,10,42,0,10,49,4,56,2012,05,2012-05-16
17,Donnerstag,26,0,6,20,0,6,23,1,27,2012,05,2012-05-17
18,Freitag,40,1,8,31,1,9,38,4,44,2012,05,2012-05-18
19,Samstag,27,0,1,26,0,1,29,4,31,2012,05,2012-05-19
20,Sonntag,34,1,7,26,1,7,33,2,36,2012,05,2012-05-20
21,Montag,53,0,5,48,0,5,62,1,54,2012,05,2012-05-21
22,Dienstag,82,0,7,75,0,7,93,3,85,2012,05,2012-05-22
23,Mittwoch,74,0,2,72,0,2,80,2,76,2012,05,2012-05-23
24,Donnerstag,88,0,12,76,0,13,93,3,91,2012,05,2012-05-24
25,Freitag,91,1,16,74,1,16,87,1,92,2012,05,2012-05-25
26,Samstag,32,0,1,31,0,1,34,2,34,2012,05,2012-05-26
27,Sonntag,31,0,2,29,0,2,36,2,33,2012,05,2012-05-27
28,Montag,32,0,4,28,0,7,33,2,34,2012,05,2012-05-28
29,Dienstag,62,0,7,55,0,7,66,4,66,2012,05,2012-05-29
30,Mittwoch,61,0,6,55,0,6,68,3,64,2012,05,2012-05-30
31,Donnerstag,52,2,3,47,2,3,57,4,56,2012,05,2012-05-31
1,Freitag,38,0,4,34,0,4,40,3,41,2012,06,2012-06-01
2,Samstag,32,0,3,29,0,3,37,2,34,2012,06,2012-06-02
3,Sonntag,27,0,3,24,0,4,38,3,30,2012,06,2012-06-03
4,Montag,62,0,10,52,0,10,62,5,67,2012,06,2012-06-04
5,Dienstag,49,0,4,45,0,4,52,5,54,2012,06,2012-06-05
6,Mittwoch,52,0,5,47,0,6,54,2,54,2012,06,2012-06-06
7,Donnerstag,61,0,6,55,0,6,71,3,64,2012,06,2012-06-07
8,Freitag,75,0,8,67,0,8,84,10,85,2012,06,2012-06-08
9,Samstag,36,0,9,27,0,9,34,3,39,2012,06,2012-06-09
10,Sonntag,26,0,6,20,0,6,29,2,28,2012,06,2012-06-10
11,Montag,44,0,3,41,0,3,47,4,48,2012,06,2012-06-11
12,Dienstag,54,0,8,46,0,8,49,5,59,2012,06,2012-06-12
13,Mittwoch,51,0,5,46,0,6,50,2,53,2012,06,2012-06-13
14,Donnerstag,58,0,7,51,0,8,61,2,60,2012,06,2012-06-14
15,Freitag,54,0,15,39,0,16,46,3,57,2012,06,2012-06-15
16,Samstag,49,0,7,42,0,7,56,2,51,2012,06,2012-06-16
17,Sonntag,29,0,2,27,0,4,32,5,34,2012,06,2012-06-17
18,Montag,70,0,7,63,0,7,74,3,73,2012,06,2012-06-18
19,Dienstag,57,1,8,48,1,8,55,4,61,2012,06,2012-06-19
20,Mittwoch,57,0,6,51,0,6,52,4,61,2012,06,2012-06-20
21,Donnerstag,32,1,7,24,1,7,32,1,33,2012,06,2012-06-21
22,Freitag,48,0,10,38,0,11,43,1,49,2012,06,2012-06-22
23,Samstag,41,0,6,35,0,6,41,8,49,2012,06,2012-06-23
24,Sonntag,20,0,3,17,0,3,18,3,23,2012,06,2012-06-24
25,Montag,49,0,3,46,0,4,49,5,54,2012,06,2012-06-25
26,Dienstag,35,0,7,28,0,8,35,3,38,2012,06,2012-06-26
27,Mittwoch,48,0,5,43,0,5,50,4,52,2012,06,2012-06-27
28,Donnerstag,55,0,9,46,0,9,55,1,56,2012,06,2012-06-28
29,Freitag,51,0,10,41,0,10,46,2,53,2012,06,2012-06-29
30,Samstag,36,0,4,32,0,4,39,1,37,2012,06,2012-06-30
1,Sonntag,25,0,4,21,0,5,31,3,28,2012,07,2012-07-01
2,Montag,47,0,4,43,0,4,52,0,47,2012,07,2012-07-02
3,Dienstag,41,0,7,34,0,7,39,1,42,2012,07,2012-07-03
4,Mittwoch,61,0,13,48,0,13,54,1,62,2012,07,2012-07-04
5,Donnerstag,58,2,4,52,2,4,66,5,63,2012,07,2012-07-05
6,Freitag,30,0,4,26,0,4,35,2,32,2012,07,2012-07-06
7,Samstag,30,0,7,23,0,7,27,2,32,2012,07,2012-07-07
8,Sonntag,29,0,5,24,0,5,29,7,36,2012,07,2012-07-08
9,Montag,33,0,3,30,0,3,34,3,36,2012,07,2012-07-09
10,Dienstag,47,1,8,38,1,8,42,3,50,2012,07,2012-07-10
11,Mittwoch,45,0,5,40,0,5,46,3,48,2012,07,2012-07-11
12,Donnerstag,43,0,9,34,0,9,40,4,47,2012,07,2012-07-12
13,Freitag,41,0,6,35,0,6,45,3,44,2012,07,2012-07-13
14,Samstag,27,0,4,23,0,4,31,5,32,2012,07,2012-07-14
15,Sonntag,22,0,3,19,0,3,20,4,26,2012,07,2012-07-15
16,Montag,38,0,3,35,0,3,48,3,41,2012,07,2012-07-16
17,Dienstag,47,0,9,38,0,9,49,1,48,2012,07,2012-07-17
18,Mittwoch,29,0,3,26,0,3,37,4,33,2012,07,2012-07-18
19,Donnerstag,50,0,5,45,0,6,53,3,53,2012,07,2012-07-19
20,Freitag,40,0,7,33,0,8,35,3,43,2012,07,2012-07-20
21,Samstag,23,1,5,17,1,5,23,1,24,2012,07,2012-07-21
22,Sonntag,16,0,2,14,0,2,19,2,18,2012,07,2012-07-22
23,Montag,45,0,8,37,0,9,40,3,48,2012,07,2012-07-23
24,Dienstag,43,0,6,37,0,6,42,4,47,2012,07,2012-07-24
25,Mittwoch,51,0,7,44,0,7,51,0,51,2012,07,2012-07-25
26,Donnerstag,68,0,6,62,0,6,76,4,72,2012,07,2012-07-26
27,Freitag,51,1,11,39,1,12,54,3,54,2012,07,2012-07-27
28,Samstag,37,0,6,31,0,7,36,2,39,2012,07,2012-07-28
29,Sonntag,13,0,4,9,0,4,15,1,14,2012,07,2012-07-29
30,Montag,42,0,4,38,0,4,48,1,43,2012,07,2012-07-30
31,Dienstag,48,0,10,38,0,10,45,1,49,2012,07,2012-07-31
1,Mittwoch,42,0,5,37,0,5,45,3,45,2012,08,2012-08-01
2,Donnerstag,62,0,7,55,0,7,67,3,65,2012,08,2012-08-02
3,Freitag,52,0,4,48,0,4,56,4,56,2012,08,2012-08-03
4,Samstag,39,0,10,29,0,11,39,4,43,2012,08,2012-08-04
5,Sonntag,29,0,4,25,0,4,28,4,33,2012,08,2012-08-05
6,Montag,57,0,6,51,0,6,57,5,62,2012,08,2012-08-06
7,Dienstag,44,0,9,35,0,10,45,2,46,2012,08,2012-08-07
8,Mittwoch,53,0,8,45,0,8,55,3,56,2012,08,2012-08-08
9,Donnerstag,52,0,6,46,0,7,53,1,53,2012,08,2012-08-09
10,Freitag,45,0,7,38,0,8,47,2,47,2012,08,2012-08-10
11,Samstag,30,0,6,24,0,8,34,3,33,2012,08,2012-08-11
12,Sonntag,37,0,7,30,0,8,34,7,44,2012,08,2012-08-12
13,Montag,46,0,7,39,0,7,46,5,51,2012,08,2012-08-13
14,Dienstag,72,0,7,65,0,8,73,2,74,2012,08,2012-08-14
15,Mittwoch,63,0,9,54,0,9,63,0,63,2012,08,2012-08-15
16,Donnerstag,67,0,8,59,0,8,71,4,71,2012,08,2012-08-16
17,Freitag,65,0,6,59,0,6,67,4,69,2012,08,2012-08-17
18,Samstag,40,0,7,33,0,7,47,4,44,2012,08,2012-08-18
19,Sonntag,31,0,7,24,0,7,30,3,34,2012,08,2012-08-19
20,Montag,65,0,2,63,0,2,70,3,68,2012,08,2012-08-20
21,Dienstag,54,0,5,49,0,5,56,2,56,2012,08,2012-08-21
22,Mittwoch,58,0,12,46,0,12,55,3,61,2012,08,2012-08-22
23,Donnerstag,62,0,6,56,0,6,65,0,62,2012,08,2012-08-23
24,Freitag,63,0,12,51,0,13,61,4,67,2012,08,2012-08-24
25,Samstag,32,0,1,31,0,1,37,2,34,2012,08,2012-08-25
26,Sonntag,35,0,2,33,0,3,43,4,39,2012,08,2012-08-26
27,Montag,62,0,7,55,0,7,61,2,64,2012,08,2012-08-27
28,Dienstag,60,0,6,54,0,6,58,1,61,2012,08,2012-08-28
29,Mittwoch,50,0,4,46,0,4,55,2,52,2012,08,2012-08-29
30,Donnerstag,47,0,7,40,0,7,48,4,51,2012,08,2012-08-30
31,Freitag,42,1,5,36,1,5,47,5,47,2012,08,2012-08-31
1,Samstag,36,0,5,31,0,5,36,1,37,2012,09,2012-09-01
2,Sonntag,26,0,5,21,0,5,26,4,30,2012,09,2012-09-02
3,Montag,71,0,8,63,0,8,75,4,75,2012,09,2012-09-03
4,Dienstag,82,0,17,65,0,18,74,0,82,2012,09,2012-09-04
5,Mittwoch,62,1,10,51,1,10,57,0,62,2012,09,2012-09-05
6,Donnerstag,55,0,6,49,0,6,64,3,58,2012,09,2012-09-06
7,Freitag,45,0,3,42,0,3,45,3,48,2012,09,2012-09-07
8,Samstag,36,0,3,33,0,3,38,7,43,2012,09,2012-09-08
9,Sonntag,35,0,4,31,0,4,36,2,37,2012,09,2012-09-09
10,Montag,57,0,8,49,0,8,58,1,58,2012,09,2012-09-10
11,Dienstag,69,0,8,61,0,8,75,5,74,2012,09,2012-09-11
12,Mittwoch,40,0,3,37,0,3,48,3,43,2012,09,2012-09-12
13,Donnerstag,59,0,7,52,0,7,58,3,62,2012,09,2012-09-13
14,Freitag,66,2,13,51,2,15,59,7,73,2012,09,2012-09-14
15,Samstag,28,1,4,23,1,8,31,6,34,2012,09,2012-09-15
16,Sonntag,23,0,4,19,0,4,22,3,26,2012,09,2012-09-16
17,Montag,61,0,12,49,0,12,58,2,63,2012,09,2012-09-17
18,Dienstag,79,0,14,65,0,14,80,3,82,2012,09,2012-09-18
19,Mittwoch,58,0,6,52,0,6,68,3,61,2012,09,2012-09-19
20,Donnerstag,49,0,5,44,0,5,53,4,53,2012,09,2012-09-20
21,Freitag,34,0,2,32,0,2,39,6,40,2012,09,2012-09-21
22,Samstag,29,0,3,26,0,3,30,2,31,2012,09,2012-09-22
23,Sonntag,26,1,3,22,1,4,26,6,32,2012,09,2012-09-23
24,Montag,53,1,7,45,1,7,55,4,57,2012,09,2012-09-24
25,Dienstag,61,0,6,55,0,7,66,5,66,2012,09,2012-09-25
26,Mittwoch,54,0,2,52,0,2,56,3,57,2012,09,2012-09-26
27,Donnerstag,52,0,8,44,0,8,56,5,57,2012,09,2012-09-27
28,Freitag,55,0,9,46,0,10,55,1,56,2012,09,2012-09-28
29,Samstag,33,0,9,24,0,10,31,4,37,2012,09,2012-09-29
30,Sonntag,22,0,2,20,0,2,26,3,25,2012,09,2012-09-30
1,Montag,54,0,10,44,0,10,53,1,55,2012,10,2012-10-01
2,Dienstag,48,1,9,38,1,11,42,1,49,2012,10,2012-10-02
3,Mittwoch,21,0,4,17,0,4,24,3,24,2012,10,2012-10-03
4,Donnerstag,47,0,6,41,0,6,46,3,50,2012,10,2012-10-04
5,Freitag,NA,0,4,40,0,4,47,3,47,2012,10,2012-10-05
6,Samstag,25,0,2,23,0,2,25,3,28,2012,10,2012-10-06
7,Sonntag,19,0,1,18,0,2,24,1,20,2012,10,2012-10-07
8,Montag,32,0,3,29,0,4,33,1,33,2012,10,2012-10-08
9,Dienstag,52,0,9,43,0,9,50,2,54,2012,10,2012-10-09
10,Mittwoch,41,0,3,38,0,3,44,2,43,2012,10,2012-10-10
11,Donnerstag,49,0,7,42,0,7,58,1,50,2012,10,2012-10-11
12,Freitag,45,0,7,38,0,7,52,3,48,2012,10,2012-10-12
13,Samstag,38,0,4,34,0,4,38,5,43,2012,10,2012-10-13
14,Sonntag,28,1,5,22,1,5,22,9,37,2012,10,2012-10-14
15,Montag,44,0,4,40,0,4,47,1,45,2012,10,2012-10-15
16,Dienstag,59,0,7,52,0,7,64,3,62,2012,10,2012-10-16
17,Mittwoch,49,1,8,40,1,8,44,7,56,2012,10,2012-10-17
18,Donnerstag,63,0,10,53,0,11,62,4,67,2012,10,2012-10-18
19,Freitag,58,0,11,47,0,11,54,4,62,2012,10,2012-10-19
20,Samstag,49,0,9,40,0,9,54,2,51,2012,10,2012-10-20
21,Sonntag,31,0,6,25,0,6,29,1,32,2012,10,2012-10-21
22,Montag,53,0,8,45,0,8,58,1,54,2012,10,2012-10-22
23,Dienstag,41,0,6,35,0,6,43,2,43,2012,10,2012-10-23
24,Mittwoch,44,0,6,38,0,6,49,2,46,2012,10,2012-10-24
25,Donnerstag,79,0,14,65,0,14,79,3,82,2012,10,2012-10-25
26,Freitag,51,1,6,44,1,6,48,0,51,2012,10,2012-10-26
27,Samstag,26,0,6,20,0,7,25,4,30,2012,10,2012-10-27
28,Sonntag,13,0,2,11,0,2,16,3,16,2012,10,2012-10-28
29,Montag,56,0,6,50,0,6,59,5,61,2012,10,2012-10-29
30,Dienstag,52,0,4,48,0,4,54,7,59,2012,10,2012-10-30
31,Mittwoch,44,0,12,32,0,12,40,2,46,2012,10,2012-10-31
1,Donnerstag,50,0,9,41,0,9,44,5,55,2012,11,2012-11-01
2,Freitag,61,0,7,54,0,7,59,2,63,2012,11,2012-11-02
3,Samstag,37,0,3,34,0,3,45,8,45,2012,11,2012-11-03
4,Sonntag,18,1,4,13,1,4,17,4,22,2012,11,2012-11-04
5,Montag,60,0,17,43,0,17,52,5,65,2012,11,2012-11-05
6,Dienstag,40,1,4,35,1,4,41,6,46,2012,11,2012-11-06
7,Mittwoch,41,0,4,37,0,4,39,2,43,2012,11,2012-11-07
8,Donnerstag,32,0,5,27,0,5,29,3,35,2012,11,2012-11-08
9,Freitag,46,0,4,42,0,4,52,3,49,2012,11,2012-11-09
10,Samstag,25,0,2,23,0,2,30,4,29,2012,11,2012-11-10
11,Sonntag,22,0,3,19,0,4,21,4,26,2012,11,2012-11-11
12,Montag,38,0,4,34,0,4,42,0,38,2012,11,2012-11-12
13,Dienstag,50,0,9,41,0,9,51,1,51,2012,11,2012-11-13
14,Mittwoch,42,0,8,34,0,8,43,2,44,2012,11,2012-11-14
15,Donnerstag,27,0,6,21,0,9,34,3,30,2012,11,2012-11-15
16,Freitag,39,1,1,37,1,1,50,0,39,2012,11,2012-11-16
17,Samstag,22,0,4,18,0,6,23,0,22,2012,11,2012-11-17
18,Sonntag,10,0,3,7,0,3,8,3,13,2012,11,2012-11-18
19,Montag,46,0,8,38,0,8,50,3,49,2012,11,2012-11-19
20,Dienstag,40,0,2,38,0,2,42,0,40,2012,11,2012-11-20
21,Mittwoch,35,0,5,30,0,5,39,3,38,2012,11,2012-11-21
22,Donnerstag,47,0,5,42,0,5,47,0,47,2012,11,2012-11-22
23,Freitag,22,0,4,18,0,4,20,2,24,2012,11,2012-11-23
24,Samstag,33,0,1,32,0,1,44,6,39,2012,11,2012-11-24
25,Sonntag,19,0,6,13,0,9,19,2,21,2012,11,2012-11-25
26,Montag,40,0,3,37,0,3,42,2,42,2012,11,2012-11-26
27,Dienstag,42,0,3,39,0,3,41,1,43,2012,11,2012-11-27
28,Mittwoch,44,0,6,38,0,6,46,4,48,2012,11,2012-11-28
29,Donnerstag,64,1,7,56,1,7,66,5,69,2012,11,2012-11-29
30,Freitag,46,1,6,39,1,6,46,2,48,2012,11,2012-11-30
1,Samstag,25,0,3,22,0,3,33,3,28,2012,12,2012-12-01
2,Sonntag,24,0,3,21,0,4,34,2,26,2012,12,2012-12-02
3,Montag,20,0,1,19,0,1,20,3,23,2012,12,2012-12-03
4,Dienstag,45,0,8,37,0,8,44,4,49,2012,12,2012-12-04
5,Mittwoch,61,0,7,54,0,7,66,1,62,2012,12,2012-12-05
6,Donnerstag,31,0,1,30,0,1,32,2,33,2012,12,2012-12-06
7,Freitag,41,1,4,36,1,4,50,4,45,2012,12,2012-12-07
8,Samstag,29,0,5,24,0,5,32,4,33,2012,12,2012-12-08
9,Sonntag,9,0,0,9,0,0,10,2,11,2012,12,2012-12-09
10,Montag,28,0,3,25,0,3,25,1,29,2012,12,2012-12-10
11,Dienstag,20,0,4,16,0,4,18,2,22,2012,12,2012-12-11
12,Mittwoch,22,0,3,19,0,3,23,2,24,2012,12,2012-12-12
13,Donnerstag,22,0,2,20,0,2,23,4,26,2012,12,2012-12-13
14,Freitag,18,0,1,17,0,1,24,4,22,2012,12,2012-12-14
15,Samstag,16,0,2,14,0,3,25,7,23,2012,12,2012-12-15
16,Sonntag,8,0,2,6,0,2,7,2,10,2012,12,2012-12-16
17,Montag,35,0,4,31,0,5,43,1,36,2012,12,2012-12-17
18,Dienstag,41,0,6,35,0,6,39,2,43,2012,12,2012-12-18
19,Mittwoch,24,0,5,19,0,5,21,2,26,2012,12,2012-12-19
20,Donnerstag,27,0,2,25,0,2,29,3,30,2012,12,2012-12-20
21,Freitag,23,0,4,19,0,4,27,2,25,2012,12,2012-12-21
22,Samstag,23,0,2,21,0,2,25,3,26,2012,12,2012-12-22
23,Sonntag,10,0,2,8,0,2,14,1,11,2012,12,2012-12-23
24,Montag,8,0,0,8,0,0,9,2,10,2012,12,2012-12-24
25,Dienstag,6,0,0,6,0,0,7,2,8,2012,12,2012-12-25
26,Mittwoch,7,0,2,5,0,2,12,2,9,2012,12,2012-12-26
27,Donnerstag,19,0,3,16,0,3,21,4,23,2012,12,2012-12-27
28,Freitag,19,0,2,17,0,2,23,2,21,2012,12,2012-12-28
29,Samstag,21,0,6,15,0,6,22,2,23,2012,12,2012-12-29
30,Sonntag,8,0,1,7,0,1,9,1,9,2012,12,2012-12-30
31,Montag,21,0,3,18,0,3,24,2,23,2012,12,2012-12-31
1,Dienstag,21,1,7,13,1,7,24,4,25,2013,01,2013-01-01
2,Mittwoch,22,0,2,20,0,2,23,0,22,2013,01,2013-01-02
3,Donnerstag,23,0,6,17,0,6,20,0,23,2013,01,2013-01-03
4,Freitag,36,0,5,31,0,5,33,0,36,2013,01,2013-01-04
5,Samstag,16,0,2,14,0,2,17,4,20,2013,01,2013-01-05
6,Sonntag,18,0,4,14,0,4,18,2,20,2013,01,2013-01-06
7,Montag,32,0,4,28,0,4,29,1,33,2013,01,2013-01-07
8,Dienstag,42,0,4,38,0,4,43,2,44,2013,01,2013-01-08
9,Mittwoch,42,0,6,36,0,7,41,2,44,2013,01,2013-01-09
10,Donnerstag,32,0,4,28,0,4,33,5,37,2013,01,2013-01-10
11,Freitag,24,0,2,22,0,3,27,0,24,2013,01,2013-01-11
12,Samstag,16,0,3,13,0,3,15,3,19,2013,01,2013-01-12
13,Sonntag,14,1,1,12,1,1,18,3,17,2013,01,2013-01-13
14,Montag,24,1,2,21,1,2,26,2,26,2013,01,2013-01-14
15,Dienstag,22,0,2,20,0,2,26,4,26,2013,01,2013-01-15
16,Mittwoch,33,0,5,28,0,6,31,1,34,2013,01,2013-01-16
17,Donnerstag,37,1,3,33,1,3,40,3,40,2013,01,2013-01-17
18,Freitag,20,0,2,18,0,2,21,6,26,2013,01,2013-01-18
19,Samstag,15,0,1,14,0,1,17,3,18,2013,01,2013-01-19
20,Sonntag,9,0,0,9,0,0,13,2,11,2013,01,2013-01-20
21,Montag,31,0,3,28,0,3,35,5,36,2013,01,2013-01-21
22,Dienstag,18,0,1,17,0,1,22,7,25,2013,01,2013-01-22
23,Mittwoch,15,0,0,15,0,0,16,2,17,2013,01,2013-01-23
24,Donnerstag,24,0,5,19,0,6,26,4,28,2013,01,2013-01-24
25,Freitag,24,0,3,21,0,3,23,5,29,2013,01,2013-01-25
26,Samstag,20,0,0,20,0,0,29,2,22,2013,01,2013-01-26
27,Sonntag,11,0,2,9,0,2,11,1,12,2013,01,2013-01-27
28,Montag,20,0,3,17,0,3,24,1,21,2013,01,2013-01-28
29,Dienstag,33,0,7,26,0,7,34,2,35,2013,01,2013-01-29
30,Mittwoch,33,0,4,29,0,4,33,3,36,2013,01,2013-01-30
31,Donnerstag,17,0,3,14,0,3,15,1,18,2013,01,2013-01-31
1,Freitag,30,0,4,26,0,4,32,2,32,2013,02,2013-02-01
2,Samstag,8,0,2,6,0,2,8,4,12,2013,02,2013-02-02
3,Sonntag,12,1,3,8,1,3,9,2,14,2013,02,2013-02-03
4,Montag,21,0,3,18,0,4,22,2,23,2013,02,2013-02-04
5,Dienstag,23,0,5,18,0,5,23,2,25,2013,02,2013-02-05
6,Mittwoch,17,0,1,16,0,2,19,1,18,2013,02,2013-02-06
7,Donnerstag,24,0,4,20,0,4,21,2,26,2013,02,2013-02-07
8,Freitag,31,1,5,25,1,7,38,4,35,2013,02,2013-02-08
9,Samstag,23,0,5,18,0,5,27,5,28,2013,02,2013-02-09
10,Sonntag,13,0,0,13,0,0,17,4,17,2013,02,2013-02-10
11,Montag,16,0,0,16,0,0,17,1,17,2013,02,2013-02-11
12,Dienstag,30,0,3,27,0,4,32,5,35,2013,02,2013-02-12
13,Mittwoch,19,0,4,15,0,4,17,0,19,2013,02,2013-02-13
14,Donnerstag,19,1,0,18,1,0,22,5,24,2013,02,2013-02-14
15,Freitag,36,0,2,34,0,2,37,6,42,2013,02,2013-02-15
16,Samstag,25,0,1,24,0,4,27,4,29,2013,02,2013-02-16
17,Sonntag,9,0,1,8,0,1,13,1,10,2013,02,2013-02-17
18,Montag,23,0,1,22,0,1,25,1,24,2013,02,2013-02-18
19,Dienstag,18,0,2,16,0,2,20,5,23,2013,02,2013-02-19
20,Mittwoch,28,0,1,27,0,1,33,6,34,2013,02,2013-02-20
21,Donnerstag,26,0,1,25,0,1,29,2,28,2013,02,2013-02-21
22,Freitag,29,0,5,24,0,5,35,3,32,2013,02,2013-02-22
23,Samstag,20,0,0,20,0,0,23,1,21,2013,02,2013-02-23
24,Sonntag,9,0,1,8,0,1,10,3,12,2013,02,2013-02-24
25,Montag,16,0,3,13,0,4,18,2,18,2013,02,2013-02-25
26,Dienstag,26,0,3,23,0,3,34,5,31,2013,02,2013-02-26
27,Mittwoch,33,0,5,28,0,5,37,1,34,2013,02,2013-02-27
28,Donnerstag,32,0,3,29,0,3,34,6,38,2013,02,2013-02-28
1,Freitag,33,0,6,27,0,6,41,1,34,2013,03,2013-03-01
2,Samstag,20,0,3,17,0,3,22,3,23,2013,03,2013-03-02
3,Sonntag,21,0,5,16,0,5,19,1,22,2013,03,2013-03-03
4,Montag,47,0,4,43,0,4,52,1,48,2013,03,2013-03-04
5,Dienstag,46,0,5,41,0,5,46,3,49,2013,03,2013-03-05
6,Mittwoch,33,1,2,30,1,2,38,1,34,2013,03,2013-03-06
7,Donnerstag,32,0,3,29,0,4,36,1,33,2013,03,2013-03-07
8,Freitag,23,0,3,20,0,3,24,4,27,2013,03,2013-03-08
9,Samstag,17,0,2,15,0,2,20,3,20,2013,03,2013-03-09
10,Sonntag,10,0,3,7,0,3,8,5,15,2013,03,2013-03-10
11,Montag,21,0,1,20,0,1,22,2,23,2013,03,2013-03-11
12,Dienstag,25,0,2,23,0,2,28,0,25,2013,03,2013-03-12
13,Mittwoch,22,0,3,19,0,4,28,2,24,2013,03,2013-03-13
14,Donnerstag,22,0,6,16,0,6,17,3,25,2013,03,2013-03-14
15,Freitag,22,0,0,22,0,0,23,5,27,2013,03,2013-03-15
16,Samstag,22,0,1,21,0,1,28,9,31,2013,03,2013-03-16
17,Sonntag,14,0,2,12,0,2,15,2,16,2013,03,2013-03-17
18,Montag,27,0,4,23,0,4,29,2,29,2013,03,2013-03-18
19,Dienstag,25,0,0,25,0,0,30,5,30,2013,03,2013-03-19
20,Mittwoch,25,0,2,23,0,2,28,7,32,2013,03,2013-03-20
21,Donnerstag,26,0,1,25,0,1,29,3,29,2013,03,2013-03-21
22,Freitag,21,0,2,19,0,2,27,4,25,2013,03,2013-03-22
23,Samstag,20,0,0,20,0,0,24,3,23,2013,03,2013-03-23
24,Sonntag,10,0,1,9,0,2,12,2,12,2013,03,2013-03-24
25,Montag,28,0,5,23,0,5,25,4,32,2013,03,2013-03-25
26,Dienstag,25,0,2,23,0,2,30,6,31,2013,03,2013-03-26
27,Mittwoch,20,0,2,18,0,2,35,2,22,2013,03,2013-03-27
28,Donnerstag,16,0,4,12,0,4,14,4,20,2013,03,2013-03-28
29,Freitag,11,0,2,9,0,2,14,4,15,2013,03,2013-03-29
30,Samstag,14,0,0,14,0,0,20,1,15,2013,03,2013-03-30
31,Sonntag,8,0,0,8,0,0,12,2,10,2013,03,2013-03-31
1,Donnerstag,16,0,7,9,0,7,13,6,22,2009,01,2009-01-01
2,Freitag,14,0,0,14,0,0,17,7,21,2009,01,2009-01-02
3,Samstag,12,0,1,11,0,1,17,3,15,2009,01,2009-01-03
4,Sonntag,11,0,2,9,0,2,14,1,12,2009,01,2009-01-04
5,Montag,38,0,3,35,0,3,41,3,41,2009,01,2009-01-05
6,Dienstag,30,0,2,28,0,2,29,3,33,2009,01,2009-01-06
7,Mittwoch,13,0,2,11,0,2,14,3,16,2009,01,2009-01-07
8,Donnerstag,28,0,2,26,0,2,30,1,29,2009,01,2009-01-08
9,Freitag,21,0,3,18,0,3,20,3,24,2009,01,2009-01-09
10,Samstag,11,0,0,11,0,0,18,1,12,2009,01,2009-01-10
11,Sonntag,6,0,1,5,0,1,6,6,12,2009,01,2009-01-11
12,Montag,18,0,1,17,0,1,20,6,24,2009,01,2009-01-12
13,Dienstag,20,0,2,18,0,2,20,2,22,2009,01,2009-01-13
14,Mittwoch,10,0,0,10,0,0,11,2,12,2009,01,2009-01-14
15,Donnerstag,17,0,3,14,0,3,18,1,18,2009,01,2009-01-15
16,Freitag,26,0,5,21,0,5,26,3,29,2009,01,2009-01-16
17,Samstag,17,0,3,14,0,3,18,6,23,2009,01,2009-01-17
18,Sonntag,15,0,4,11,0,4,16,3,18,2009,01,2009-01-18
19,Montag,30,0,2,28,0,2,37,2,32,2009,01,2009-01-19
20,Dienstag,26,0,3,23,0,3,31,2,28,2009,01,2009-01-20
21,Mittwoch,27,0,5,22,0,6,26,1,28,2009,01,2009-01-21
22,Donnerstag,31,1,4,26,1,4,31,3,34,2009,01,2009-01-22
23,Freitag,31,1,4,26,1,4,29,3,34,2009,01,2009-01-23
24,Samstag,18,0,0,18,0,0,23,3,21,2009,01,2009-01-24
25,Sonntag,10,0,1,9,0,1,10,2,12,2009,01,2009-01-25
26,Montag,26,0,6,20,0,6,23,1,27,2009,01,2009-01-26
27,Dienstag,23,0,3,20,0,3,21,4,27,2009,01,2009-01-27
28,Mittwoch,15,0,1,14,0,1,15,4,19,2009,01,2009-01-28
29,Donnerstag,31,0,4,27,0,4,34,2,33,2009,01,2009-01-29
30,Freitag,30,0,4,26,0,4,37,4,34,2009,01,2009-01-30
31,Samstag,15,0,2,13,0,2,15,2,17,2009,01,2009-01-31
1,Freitag,10,0,0,10,0,0,12,8,18,2010,01,2010-01-01
2,Samstag,6,0,2,4,0,2,6,1,7,2010,01,2010-01-02
3,Sonntag,7,0,0,7,0,0,7,0,7,2010,01,2010-01-03
4,Montag,21,0,3,18,0,3,19,2,23,2010,01,2010-01-04
5,Dienstag,16,0,3,13,0,3,18,2,18,2010,01,2010-01-05
6,Mittwoch,17,0,2,15,0,2,18,2,19,2010,01,2010-01-06
7,Donnerstag,13,0,1,12,0,1,15,0,13,2010,01,2010-01-07
8,Freitag,13,0,1,12,0,1,14,3,16,2010,01,2010-01-08
9,Samstag,10,0,1,9,0,1,10,1,11,2010,01,2010-01-09
10,Sonntag,14,0,0,14,0,0,17,1,15,2010,01,2010-01-10
11,Montag,12,0,3,9,0,3,12,2,14,2010,01,2010-01-11
12,Dienstag,11,0,1,10,0,1,11,3,14,2010,01,2010-01-12
13,Mittwoch,15,0,1,14,0,1,14,4,19,2010,01,2010-01-13
14,Donnerstag,13,0,1,12,0,1,13,0,13,2010,01,2010-01-14
15,Freitag,19,1,1,17,1,1,19,3,22,2010,01,2010-01-15
16,Samstag,9,0,0,9,0,0,12,0,9,2010,01,2010-01-16
17,Sonntag,4,0,3,1,0,4,3,3,7,2010,01,2010-01-17
18,Montag,16,0,1,15,0,1,19,2,18,2010,01,2010-01-18
19,Dienstag,21,0,2,19,0,2,24,3,24,2010,01,2010-01-19
20,Mittwoch,25,0,4,21,0,4,24,0,25,2010,01,2010-01-20
21,Donnerstag,28,0,6,22,0,10,27,2,30,2010,01,2010-01-21
22,Freitag,19,0,4,15,0,5,23,2,21,2010,01,2010-01-22
23,Samstag,17,1,2,14,1,2,20,4,21,2010,01,2010-01-23
24,Sonntag,6,0,0,6,0,0,7,2,8,2010,01,2010-01-24
25,Montag,19,0,3,16,0,3,18,2,21,2010,01,2010-01-25
26,Dienstag,21,0,0,21,0,0,25,1,22,2010,01,2010-01-26
27,Mittwoch,16,0,0,16,0,0,19,0,16,2010,01,2010-01-27
28,Donnerstag,26,0,0,26,0,0,30,5,31,2010,01,2010-01-28
29,Freitag,13,0,1,12,0,1,14,2,15,2010,01,2010-01-29
30,Samstag,9,0,0,9,0,0,10,5,14,2010,01,2010-01-30
31,Sonntag,15,0,2,13,0,2,18,0,15,2010,01,2010-01-31
1,Samstag,8,0,0,8,0,0,14,3,11,2011,01,2011-01-01
2,Sonntag,6,0,1,5,0,1,10,1,7,2011,01,2011-01-02
3,Montag,13,0,3,10,0,3,12,2,15,2011,01,2011-01-03
4,Dienstag,8,0,0,8,0,0,9,3,11,2011,01,2011-01-04
5,Mittwoch,16,0,0,16,0,0,18,2,18,2011,01,2011-01-05
6,Donnerstag,12,0,1,11,0,1,17,0,12,2011,01,2011-01-06
7,Freitag,10,0,2,8,0,2,9,1,11,2011,01,2011-01-07
8,Samstag,15,0,5,10,0,5,16,3,18,2011,01,2011-01-08
9,Sonntag,9,0,1,8,0,1,9,3,12,2011,01,2011-01-09
10,Montag,34,0,3,31,0,3,32,5,39,2011,01,2011-01-10
11,Dienstag,23,1,1,21,1,1,22,6,29,2011,01,2011-01-11
12,Mittwoch,18,0,3,15,0,3,19,3,21,2011,01,2011-01-12
13,Donnerstag,22,0,2,20,0,2,22,4,26,2011,01,2011-01-13
14,Freitag,19,0,5,14,0,6,17,4,23,2011,01,2011-01-14
15,Samstag,9,0,0,9,0,0,12,2,11,2011,01,2011-01-15
16,Sonntag,8,0,2,6,0,2,8,2,10,2011,01,2011-01-16
17,Montag,30,0,5,25,0,5,29,5,35,2011,01,2011-01-17
18,Dienstag,24,0,4,20,0,4,29,3,27,2011,01,2011-01-18
19,Mittwoch,24,1,2,21,1,2,25,2,26,2011,01,2011-01-19
20,Donnerstag,23,0,7,16,0,7,20,1,24,2011,01,2011-01-20
21,Freitag,29,0,1,28,0,1,29,3,32,2011,01,2011-01-21
22,Samstag,17,0,1,16,0,1,18,3,20,2011,01,2011-01-22
23,Sonntag,3,0,1,2,0,1,2,2,5,2011,01,2011-01-23
24,Montag,34,0,3,31,0,3,36,3,37,2011,01,2011-01-24
25,Dienstag,46,0,7,39,0,7,50,8,54,2011,01,2011-01-25
26,Mittwoch,26,0,5,21,0,5,25,2,28,2011,01,2011-01-26
27,Donnerstag,22,0,5,17,0,5,19,1,23,2011,01,2011-01-27
28,Freitag,36,1,7,28,1,7,37,5,41,2011,01,2011-01-28
29,Samstag,22,0,2,20,0,2,28,3,25,2011,01,2011-01-29
30,Sonntag,18,0,2,16,0,2,18,2,20,2011,01,2011-01-30
31,Montag,23,0,3,20,0,3,21,3,26,2011,01,2011-01-31
1,Freitag,43,0,6,37,0,6,43,3,46,2008,02,2008-02-01
2,Samstag,32,0,5,27,0,5,45,4,36,2008,02,2008-02-02
3,Sonntag,15,0,1,14,0,1,18,2,17,2008,02,2008-02-03
4,Montag,42,3,4,35,3,5,49,3,45,2008,02,2008-02-04
5,Dienstag,30,0,2,28,0,2,32,3,33,2008,02,2008-02-05
6,Mittwoch,41,0,6,35,0,6,42,2,43,2008,02,2008-02-06
7,Donnerstag,15,0,2,13,0,2,15,6,21,2008,02,2008-02-07
8,Freitag,34,0,3,31,0,3,37,6,40,2008,02,2008-02-08
9,Samstag,19,0,2,17,0,2,19,5,24,2008,02,2008-02-09
10,Sonntag,13,0,3,10,0,3,13,5,18,2008,02,2008-02-10
11,Montag,29,0,6,23,0,7,30,2,31,2008,02,2008-02-11
12,Dienstag,23,0,1,22,0,1,26,1,24,2008,02,2008-02-12
13,Mittwoch,32,0,4,28,0,5,36,4,36,2008,02,2008-02-13
14,Donnerstag,31,0,2,29,0,2,31,2,33,2008,02,2008-02-14
15,Freitag,52,0,7,45,0,8,54,3,55,2008,02,2008-02-15
16,Samstag,20,3,1,16,3,2,23,4,24,2008,02,2008-02-16
17,Sonntag,12,0,1,11,0,1,13,2,14,2008,02,2008-02-17
18,Montag,38,0,4,34,0,4,38,5,43,2008,02,2008-02-18
19,Dienstag,29,0,5,24,0,5,29,2,31,2008,02,2008-02-19
20,Mittwoch,33,0,5,28,0,5,35,5,38,2008,02,2008-02-20
21,Donnerstag,27,0,5,22,0,5,33,1,28,2008,02,2008-02-21
22,Freitag,29,0,5,24,0,5,31,5,34,2008,02,2008-02-22
23,Samstag,21,0,3,18,0,3,25,3,24,2008,02,2008-02-23
24,Sonntag,23,1,6,16,1,6,23,7,30,2008,02,2008-02-24
25,Montag,33,0,4,29,0,4,33,2,35,2008,02,2008-02-25
26,Dienstag,32,0,7,25,0,7,30,2,34,2008,02,2008-02-26
27,Mittwoch,34,0,2,32,0,2,39,1,35,2008,02,2008-02-27
28,Donnerstag,29,0,2,27,0,2,35,2,31,2008,02,2008-02-28
29,Freitag,37,0,6,31,0,6,41,5,42,2008,02,2008-02-29
1,Sonntag,10,0,3,7,0,4,14,2,12,2009,02,2009-02-01
2,Montag,20,0,3,17,0,4,19,4,24,2009,02,2009-02-02
3,Dienstag,29,0,4,25,0,4,29,7,36,2009,02,2009-02-03
4,Mittwoch,30,0,2,28,0,2,39,0,30,2009,02,2009-02-04
5,Donnerstag,25,0,2,23,0,3,28,6,31,2009,02,2009-02-05
6,Freitag,22,0,4,18,0,4,23,2,24,2009,02,2009-02-06
7,Samstag,23,0,2,21,0,2,28,1,24,2009,02,2009-02-07
8,Sonntag,16,0,2,14,0,2,20,3,19,2009,02,2009-02-08
9,Montag,25,0,4,21,0,4,24,0,25,2009,02,2009-02-09
10,Dienstag,30,0,3,27,0,3,31,6,36,2009,02,2009-02-10
11,Mittwoch,16,0,0,16,0,0,16,1,17,2009,02,2009-02-11
12,Donnerstag,24,0,0,24,0,0,28,2,26,2009,02,2009-02-12
13,Freitag,25,1,1,23,1,1,32,2,27,2009,02,2009-02-13
14,Samstag,24,0,5,19,0,5,29,2,26,2009,02,2009-02-14
15,Sonntag,15,0,3,12,0,3,15,2,17,2009,02,2009-02-15
16,Montag,15,0,1,14,0,1,15,2,17,2009,02,2009-02-16
17,Dienstag,27,0,4,23,0,4,24,3,30,2009,02,2009-02-17
18,Mittwoch,11,0,0,11,0,0,13,4,15,2009,02,2009-02-18
19,Donnerstag,23,0,1,22,0,1,23,6,29,2009,02,2009-02-19
20,Freitag,21,0,3,18,0,3,24,2,23,2009,02,2009-02-20
21,Samstag,16,0,0,16,0,0,19,6,22,2009,02,2009-02-21
22,Sonntag,13,0,0,13,0,0,14,5,18,2009,02,2009-02-22
23,Montag,28,0,3,25,0,3,30,1,29,2009,02,2009-02-23
24,Dienstag,17,0,2,15,0,2,18,2,19,2009,02,2009-02-24
25,Mittwoch,22,0,1,21,0,1,24,0,22,2009,02,2009-02-25
26,Donnerstag,32,0,2,30,0,2,32,1,33,2009,02,2009-02-26
27,Freitag,34,0,2,32,0,2,35,2,36,2009,02,2009-02-27
28,Samstag,17,2,1,14,2,1,21,5,22,2009,02,2009-02-28
1,Montag,23,0,3,20,0,3,27,2,25,2010,02,2010-02-01
2,Dienstag,17,0,3,14,0,3,21,7,24,2010,02,2010-02-02
3,Mittwoch,20,0,1,19,0,1,20,3,23,2010,02,2010-02-03
4,Donnerstag,15,0,3,12,0,3,14,2,17,2010,02,2010-02-04
5,Freitag,17,0,2,15,0,2,20,2,19,2010,02,2010-02-05
6,Samstag,15,0,2,13,0,3,16,2,17,2010,02,2010-02-06
7,Sonntag,3,0,0,3,0,0,3,3,6,2010,02,2010-02-07
8,Montag,21,1,4,16,1,4,22,3,24,2010,02,2010-02-08
9,Dienstag,12,0,0,12,0,0,14,1,13,2010,02,2010-02-09
10,Mittwoch,12,0,3,9,0,3,14,3,15,2010,02,2010-02-10
11,Donnerstag,16,0,2,14,0,2,18,2,18,2010,02,2010-02-11
12,Freitag,17,1,1,15,1,1,19,0,17,2010,02,2010-02-12
13,Samstag,10,0,2,8,0,2,9,2,12,2010,02,2010-02-13
14,Sonntag,12,0,4,8,0,4,12,5,17,2010,02,2010-02-14
15,Montag,27,0,1,26,0,1,34,2,29,2010,02,2010-02-15
16,Dienstag,22,0,3,19,0,3,21,3,25,2010,02,2010-02-16
17,Mittwoch,24,1,2,21,1,2,25,1,25,2010,02,2010-02-17
18,Donnerstag,19,0,2,17,0,2,19,0,19,2010,02,2010-02-18
19,Freitag,22,0,2,20,0,2,27,2,24,2010,02,2010-02-19
20,Samstag,20,1,1,18,1,1,26,0,20,2010,02,2010-02-20
21,Sonntag,14,0,3,11,0,3,12,4,18,2010,02,2010-02-21
22,Montag,37,0,6,31,0,8,41,5,42,2010,02,2010-02-22
23,Dienstag,25,0,2,23,0,2,27,0,25,2010,02,2010-02-23
24,Mittwoch,17,0,2,15,0,2,16,2,19,2010,02,2010-02-24
25,Donnerstag,27,0,3,24,0,3,28,1,28,2010,02,2010-02-25
26,Freitag,16,0,1,15,0,1,17,3,19,2010,02,2010-02-26
27,Samstag,20,0,2,18,0,2,24,1,21,2010,02,2010-02-27
28,Sonntag,18,0,4,14,0,4,20,5,23,2010,02,2010-02-28
1,Dienstag,21,0,2,19,0,2,24,2,23,2011,02,2011-02-01
2,Mittwoch,18,1,3,14,1,3,17,2,20,2011,02,2011-02-02
3,Donnerstag,21,1,3,17,1,3,23,4,25,2011,02,2011-02-03
4,Freitag,26,0,1,25,0,1,29,2,28,2011,02,2011-02-04
5,Samstag,27,0,5,22,0,5,30,4,31,2011,02,2011-02-05
6,Sonntag,9,0,2,7,0,2,10,5,14,2011,02,2011-02-06
7,Montag,28,0,4,24,0,4,31,3,31,2011,02,2011-02-07
8,Dienstag,28,1,4,23,1,4,26,2,30,2011,02,2011-02-08
9,Mittwoch,36,0,5,31,0,5,36,1,37,2011,02,2011-02-09
10,Donnerstag,30,0,4,26,0,4,32,1,31,2011,02,2011-02-10
11,Freitag,30,0,3,27,0,3,32,3,33,2011,02,2011-02-11
12,Samstag,23,0,7,16,0,7,21,3,26,2011,02,2011-02-12
13,Sonntag,9,0,2,7,0,2,10,1,10,2011,02,2011-02-13
14,Montag,20,0,6,14,0,6,17,3,23,2011,02,2011-02-14
15,Dienstag,22,0,1,21,0,2,22,1,23,2011,02,2011-02-15
16,Mittwoch,35,0,5,30,0,6,33,2,37,2011,02,2011-02-16
17,Donnerstag,18,0,3,15,0,5,15,0,18,2011,02,2011-02-17
18,Freitag,22,0,2,20,0,2,25,3,25,2011,02,2011-02-18
19,Samstag,9,0,2,7,0,2,11,1,10,2011,02,2011-02-19
20,Sonntag,11,0,2,9,0,3,13,6,17,2011,02,2011-02-20
21,Montag,29,0,2,27,0,2,37,2,31,2011,02,2011-02-21
22,Dienstag,34,1,3,30,1,3,34,3,37,2011,02,2011-02-22
23,Mittwoch,25,0,5,20,0,5,25,4,29,2011,02,2011-02-23
24,Donnerstag,28,0,4,24,0,5,27,3,31,2011,02,2011-02-24
25,Freitag,32,1,5,26,1,5,27,4,36,2011,02,2011-02-25
26,Samstag,25,0,4,21,0,5,24,4,29,2011,02,2011-02-26
27,Sonntag,10,0,0,10,0,0,13,4,14,2011,02,2011-02-27
28,Montag,30,0,2,28,0,2,29,2,32,2011,02,2011-02-28
1,Samstag,23,0,4,19,0,4,28,1,24,2008,03,2008-03-01
2,Sonntag,17,0,3,14,0,3,18,6,23,2008,03,2008-03-02
3,Montag,49,0,7,42,0,7,50,7,56,2008,03,2008-03-03
4,Dienstag,32,0,5,27,0,5,34,3,35,2008,03,2008-03-04
5,Mittwoch,44,0,5,39,0,6,45,2,46,2008,03,2008-03-05
6,Donnerstag,36,0,6,30,0,6,35,4,40,2008,03,2008-03-06
7,Freitag,49,0,6,43,0,6,46,3,52,2008,03,2008-03-07
8,Samstag,31,0,6,25,0,7,43,1,32,2008,03,2008-03-08
9,Sonntag,20,1,6,13,1,8,19,3,23,2008,03,2008-03-09
10,Montag,65,0,7,58,0,7,64,3,68,2008,03,2008-03-10
11,Dienstag,46,1,6,39,1,6,52,2,48,2008,03,2008-03-11
12,Mittwoch,67,0,1,66,0,1,80,3,70,2008,03,2008-03-12
13,Donnerstag,56,0,9,47,0,9,55,5,61,2008,03,2008-03-13
14,Freitag,65,0,7,58,0,7,62,4,69,2008,03,2008-03-14
15,Samstag,26,0,3,23,0,3,32,5,31,2008,03,2008-03-15
16,Sonntag,22,0,2,20,0,2,30,5,27,2008,03,2008-03-16
17,Montag,33,0,2,31,0,2,40,1,34,2008,03,2008-03-17
18,Dienstag,24,0,0,24,0,0,30,3,27,2008,03,2008-03-18
19,Mittwoch,38,0,5,33,0,6,41,2,40,2008,03,2008-03-19
20,Donnerstag,45,1,3,41,1,3,53,4,49,2008,03,2008-03-20
21,Freitag,18,0,0,18,0,0,22,4,22,2008,03,2008-03-21
22,Samstag,27,0,0,27,0,0,32,4,31,2008,03,2008-03-22
23,Sonntag,17,0,6,11,0,7,17,1,18,2008,03,2008-03-23
24,Montag,20,0,5,15,0,5,22,3,23,2008,03,2008-03-24
25,Dienstag,19,0,2,17,0,2,23,0,19,2008,03,2008-03-25
26,Mittwoch,28,0,1,27,0,1,33,3,31,2008,03,2008-03-26
27,Donnerstag,23,0,2,21,0,2,23,2,25,2008,03,2008-03-27
28,Freitag,33,0,4,29,0,4,31,0,33,2008,03,2008-03-28
29,Samstag,35,0,10,25,0,10,33,3,38,2008,03,2008-03-29
30,Sonntag,20,0,3,17,0,4,18,8,28,2008,03,2008-03-30
31,Montag,45,0,2,43,0,2,49,1,46,2008,03,2008-03-31
1,Sonntag,16,0,1,15,0,1,17,6,22,2009,03,2009-03-01
2,Montag,33,0,4,29,0,4,32,3,36,2009,03,2009-03-02
3,Dienstag,26,0,2,24,0,2,27,2,28,2009,03,2009-03-03
4,Mittwoch,25,1,4,20,1,5,26,3,28,2009,03,2009-03-04
5,Donnerstag,23,0,3,20,0,3,22,2,25,2009,03,2009-03-05
6,Freitag,46,0,5,41,0,5,48,1,47,2009,03,2009-03-06
7,Samstag,17,0,1,16,0,1,20,4,21,2009,03,2009-03-07
8,Sonntag,13,0,0,13,0,0,17,5,18,2009,03,2009-03-08
9,Montag,30,0,2,28,0,2,35,2,32,2009,03,2009-03-09
10,Dienstag,40,1,5,34,1,5,42,3,43,2009,03,2009-03-10
11,Mittwoch,27,0,2,25,0,2,29,3,30,2009,03,2009-03-11
12,Donnerstag,47,0,5,42,0,6,49,6,53,2009,03,2009-03-12
13,Freitag,39,0,3,36,0,3,42,2,41,2009,03,2009-03-13
14,Samstag,31,0,3,28,0,3,40,6,37,2009,03,2009-03-14
15,Sonntag,11,0,3,8,0,4,12,2,13,2009,03,2009-03-15
16,Montag,34,0,4,30,0,4,32,4,38,2009,03,2009-03-16
17,Dienstag,45,0,5,40,0,5,46,2,47,2009,03,2009-03-17
18,Mittwoch,39,0,6,33,0,6,40,2,41,2009,03,2009-03-18
19,Donnerstag,34,0,9,25,0,9,36,2,36,2009,03,2009-03-19
20,Freitag,33,1,1,31,1,1,35,2,35,2009,03,2009-03-20
21,Samstag,27,0,9,18,0,12,27,0,27,2009,03,2009-03-21
22,Sonntag,15,0,3,12,0,3,20,4,19,2009,03,2009-03-22
23,Montag,32,0,4,28,0,4,31,3,35,2009,03,2009-03-23
24,Dienstag,27,1,0,26,1,0,29,2,29,2009,03,2009-03-24
25,Mittwoch,24,0,7,17,0,7,20,3,27,2009,03,2009-03-25
26,Donnerstag,25,0,1,24,0,1,25,4,29,2009,03,2009-03-26
27,Freitag,32,0,4,28,0,4,31,1,33,2009,03,2009-03-27
28,Samstag,27,0,6,21,0,9,27,6,33,2009,03,2009-03-28
29,Sonntag,21,0,2,19,0,2,31,1,22,2009,03,2009-03-29
30,Montag,29,0,3,26,0,3,34,5,34,2009,03,2009-03-30
31,Dienstag,46,0,3,43,0,3,46,5,51,2009,03,2009-03-31
1,Montag,36,0,4,32,0,4,39,0,36,2010,03,2010-03-01
2,Dienstag,23,0,2,21,0,2,26,3,26,2010,03,2010-03-02
3,Mittwoch,25,0,6,19,0,6,23,4,29,2010,03,2010-03-03
4,Donnerstag,22,0,2,20,0,2,24,2,24,2010,03,2010-03-04
5,Freitag,25,0,2,23,0,2,30,4,29,2010,03,2010-03-05
6,Samstag,22,0,2,20,0,2,24,0,22,2010,03,2010-03-06
7,Sonntag,14,0,3,11,0,7,18,5,19,2010,03,2010-03-07
8,Montag,34,0,5,29,0,6,32,4,38,2010,03,2010-03-08
9,Dienstag,20,0,2,18,0,2,22,2,22,2010,03,2010-03-09
10,Mittwoch,31,2,4,25,2,4,30,3,34,2010,03,2010-03-10
11,Donnerstag,29,0,4,25,0,4,27,3,32,2010,03,2010-03-11
12,Freitag,25,0,0,25,0,0,26,1,26,2010,03,2010-03-12
13,Samstag,24,0,1,23,0,1,30,3,27,2010,03,2010-03-13
14,Sonntag,13,0,0,13,0,0,15,4,17,2010,03,2010-03-14
15,Montag,35,0,10,25,0,11,27,4,39,2010,03,2010-03-15
16,Dienstag,23,0,2,21,0,2,28,1,24,2010,03,2010-03-16
17,Mittwoch,23,1,2,20,1,2,25,3,26,2010,03,2010-03-17
18,Donnerstag,34,0,2,32,0,2,37,1,35,2010,03,2010-03-18
19,Freitag,31,1,3,27,1,4,36,2,33,2010,03,2010-03-19
20,Samstag,30,1,2,27,1,2,35,1,31,2010,03,2010-03-20
21,Sonntag,18,0,2,16,0,2,19,6,24,2010,03,2010-03-21
22,Montag,46,0,3,43,0,3,51,0,46,2010,03,2010-03-22
23,Dienstag,30,0,2,28,0,2,35,3,33,2010,03,2010-03-23
24,Mittwoch,45,0,7,38,0,7,43,3,48,2010,03,2010-03-24
25,Donnerstag,38,0,4,34,0,4,39,2,40,2010,03,2010-03-25
26,Freitag,46,0,4,42,0,4,48,3,49,2010,03,2010-03-26
27,Samstag,20,0,5,15,0,5,17,7,27,2010,03,2010-03-27
28,Sonntag,13,0,3,10,0,5,14,1,14,2010,03,2010-03-28
29,Montag,43,0,3,40,0,3,51,1,44,2010,03,2010-03-29
30,Dienstag,38,0,5,33,0,6,38,6,44,2010,03,2010-03-30
31,Mittwoch,32,0,8,24,0,8,27,4,36,2010,03,2010-03-31
1,Dienstag,29,0,8,21,0,8,25,6,35,2011,03,2011-03-01
2,Mittwoch,30,0,3,27,0,3,31,2,32,2011,03,2011-03-02
3,Donnerstag,33,0,4,29,0,4,38,3,36,2011,03,2011-03-03
4,Freitag,32,0,4,28,0,4,38,5,37,2011,03,2011-03-04
5,Samstag,21,0,2,19,0,2,25,7,28,2011,03,2011-03-05
6,Sonntag,19,0,3,16,0,3,21,7,26,2011,03,2011-03-06
7,Montag,34,0,5,29,0,5,35,4,38,2011,03,2011-03-07
8,Dienstag,35,0,5,30,0,5,37,1,36,2011,03,2011-03-08
9,Mittwoch,19,0,1,18,0,1,19,1,20,2011,03,2011-03-09
10,Donnerstag,29,0,2,27,0,2,28,1,30,2011,03,2011-03-10
11,Freitag,38,1,7,30,1,7,38,6,44,2011,03,2011-03-11
12,Samstag,23,0,2,21,0,2,26,4,27,2011,03,2011-03-12
13,Sonntag,19,0,4,15,0,4,17,1,20,2011,03,2011-03-13
14,Montag,42,0,3,39,0,3,43,1,43,2011,03,2011-03-14
15,Dienstag,29,0,7,22,0,7,24,2,31,2011,03,2011-03-15
16,Mittwoch,33,0,0,33,0,0,39,1,34,2011,03,2011-03-16
17,Donnerstag,54,0,6,48,0,7,56,5,59,2011,03,2011-03-17
18,Freitag,18,0,4,14,0,4,18,3,21,2011,03,2011-03-18
19,Samstag,30,0,4,26,0,4,32,3,33,2011,03,2011-03-19
20,Sonntag,14,0,3,11,0,8,12,3,17,2011,03,2011-03-20
21,Montag,39,0,4,35,0,4,43,1,40,2011,03,2011-03-21
22,Dienstag,45,0,8,37,0,8,42,0,45,2011,03,2011-03-22
23,Mittwoch,44,1,4,39,1,5,43,2,46,2011,03,2011-03-23
24,Donnerstag,52,0,3,49,0,3,63,5,57,2011,03,2011-03-24
25,Freitag,25,0,2,23,0,2,30,3,28,2011,03,2011-03-25
26,Samstag,32,0,8,24,0,8,32,6,38,2011,03,2011-03-26
27,Sonntag,16,0,3,13,0,3,16,2,18,2011,03,2011-03-27
28,Montag,34,0,5,29,0,6,40,4,38,2011,03,2011-03-28
29,Dienstag,36,1,4,31,1,4,40,6,42,2011,03,2011-03-29
30,Mittwoch,41,0,4,37,0,4,44,6,47,2011,03,2011-03-30
31,Donnerstag,40,0,3,37,0,4,39,5,45,2011,03,2011-03-31
1,Dienstag,61,0,8,53,0,8,56,3,64,2008,04,2008-04-01
2,Mittwoch,53,0,3,50,0,4,57,4,57,2008,04,2008-04-02
3,Donnerstag,36,0,6,30,0,7,43,2,38,2008,04,2008-04-03
4,Freitag,36,0,1,35,0,1,39,4,40,2008,04,2008-04-04
5,Samstag,26,0,2,24,0,2,29,6,32,2008,04,2008-04-05
6,Sonntag,16,0,3,13,0,3,17,5,21,2008,04,2008-04-06
7,Montag,36,0,4,32,0,4,35,5,41,2008,04,2008-04-07
8,Dienstag,41,0,7,34,0,7,38,2,43,2008,04,2008-04-08
9,Mittwoch,44,0,4,40,0,4,54,2,46,2008,04,2008-04-09
10,Donnerstag,46,0,3,43,0,3,52,4,50,2008,04,2008-04-10
11,Freitag,48,0,4,44,0,4,54,4,52,2008,04,2008-04-11
12,Samstag,35,0,7,28,0,7,38,2,37,2008,04,2008-04-12
13,Sonntag,18,0,3,15,0,3,17,3,21,2008,04,2008-04-13
14,Montag,44,0,4,40,0,4,45,1,45,2008,04,2008-04-14
15,Dienstag,57,0,3,54,0,3,64,2,59,2008,04,2008-04-15
16,Mittwoch,40,0,4,36,0,4,40,3,43,2008,04,2008-04-16
17,Donnerstag,52,0,5,47,0,5,56,6,58,2008,04,2008-04-17
18,Freitag,40,0,3,37,0,3,46,2,42,2008,04,2008-04-18
19,Samstag,30,0,1,29,0,1,36,5,35,2008,04,2008-04-19
20,Sonntag,15,0,1,14,0,1,19,4,19,2008,04,2008-04-20
21,Montag,60,0,9,51,0,9,58,3,63,2008,04,2008-04-21
22,Dienstag,43,0,5,38,0,5,46,3,46,2008,04,2008-04-22
23,Mittwoch,53,0,7,46,0,7,55,2,55,2008,04,2008-04-23
24,Donnerstag,63,0,7,56,0,7,62,4,67,2008,04,2008-04-24
25,Freitag,40,1,6,33,1,6,45,4,44,2008,04,2008-04-25
26,Samstag,34,0,6,28,0,6,37,2,36,2008,04,2008-04-26
27,Sonntag,24,0,4,20,0,4,26,2,26,2008,04,2008-04-27
28,Montag,52,1,9,42,1,10,48,1,53,2008,04,2008-04-28
29,Dienstag,63,0,12,51,0,12,59,0,63,2008,04,2008-04-29
30,Mittwoch,63,1,10,52,1,10,56,1,64,2008,04,2008-04-30
1,Mittwoch,50,0,6,44,0,6,48,3,53,2009,04,2009-04-01
2,Donnerstag,62,1,9,52,1,10,74,0,62,2009,04,2009-04-02
3,Freitag,56,0,4,52,0,4,64,5,61,2009,04,2009-04-03
4,Samstag,27,0,6,21,0,6,22,2,29,2009,04,2009-04-04
5,Sonntag,31,0,6,25,0,6,32,2,33,2009,04,2009-04-05
6,Montag,45,0,7,38,0,7,42,1,46,2009,04,2009-04-06
7,Dienstag,46,0,2,44,0,2,53,2,48,2009,04,2009-04-07
8,Mittwoch,38,0,4,34,0,4,36,2,40,2009,04,2009-04-08
9,Donnerstag,54,0,8,46,0,8,52,4,58,2009,04,2009-04-09
10,Freitag,25,1,5,19,1,6,22,0,25,2009,04,2009-04-10
11,Samstag,35,0,5,30,0,8,40,1,36,2009,04,2009-04-11
12,Sonntag,24,0,5,19,0,5,28,3,27,2009,04,2009-04-12
13,Montag,17,0,4,13,0,5,20,0,17,2009,04,2009-04-13
14,Dienstag,43,0,8,35,0,8,39,2,45,2009,04,2009-04-14
15,Mittwoch,44,1,4,39,1,4,49,0,44,2009,04,2009-04-15
16,Donnerstag,62,0,8,54,0,8,61,1,63,2009,04,2009-04-16
17,Freitag,36,0,9,27,0,9,32,1,37,2009,04,2009-04-17
18,Samstag,30,0,4,26,0,5,40,1,31,2009,04,2009-04-18
19,Sonntag,24,0,1,23,0,1,31,3,27,2009,04,2009-04-19
20,Montag,53,0,6,47,0,6,65,1,54,2009,04,2009-04-20
21,Dienstag,54,0,7,47,0,8,50,1,55,2009,04,2009-04-21
22,Mittwoch,53,0,2,51,0,2,57,0,53,2009,04,2009-04-22
23,Donnerstag,44,1,5,38,1,5,43,3,47,2009,04,2009-04-23
24,Freitag,51,0,7,44,0,7,50,4,55,2009,04,2009-04-24
25,Samstag,45,2,11,32,2,11,43,0,45,2009,04,2009-04-25
26,Sonntag,38,0,6,32,0,7,45,2,40,2009,04,2009-04-26
27,Montag,63,0,9,54,0,10,66,2,65,2009,04,2009-04-27
28,Dienstag,45,0,7,38,0,7,44,2,47,2009,04,2009-04-28
29,Mittwoch,49,1,3,45,1,3,51,3,52,2009,04,2009-04-29
30,Donnerstag,62,0,5,57,0,5,67,4,66,2009,04,2009-04-30
1,Donnerstag,48,0,6,42,0,7,52,5,53,2010,04,2010-04-01
2,Freitag,19,1,1,17,1,2,24,1,20,2010,04,2010-04-02
3,Samstag,18,0,2,16,0,2,28,3,21,2010,04,2010-04-03
4,Sonntag,11,0,1,10,0,1,14,4,15,2010,04,2010-04-04
5,Montag,14,0,4,10,0,4,12,1,15,2010,04,2010-04-05
6,Dienstag,29,0,5,24,0,5,28,0,29,2010,04,2010-04-06
7,Mittwoch,32,0,5,27,0,5,37,0,32,2010,04,2010-04-07
8,Donnerstag,39,0,5,34,0,6,39,3,42,2010,04,2010-04-08
9,Freitag,24,0,6,18,0,7,22,5,29,2010,04,2010-04-09
10,Samstag,35,0,4,31,0,4,41,2,37,2010,04,2010-04-10
11,Sonntag,7,0,1,6,0,1,9,3,10,2010,04,2010-04-11
12,Montag,46,0,6,40,0,6,41,6,52,2010,04,2010-04-12
13,Dienstag,47,0,4,43,0,4,48,4,51,2010,04,2010-04-13
14,Mittwoch,29,0,1,28,0,1,35,1,30,2010,04,2010-04-14
15,Donnerstag,54,0,13,41,0,14,55,2,56,2010,04,2010-04-15
16,Freitag,36,0,3,33,0,3,41,3,39,2010,04,2010-04-16
17,Samstag,32,0,3,29,0,3,42,4,36,2010,04,2010-04-17
18,Sonntag,28,0,3,25,0,3,31,5,33,2010,04,2010-04-18
19,Montag,37,0,2,35,0,2,47,2,39,2010,04,2010-04-19
20,Dienstag,45,0,4,41,0,4,47,1,46,2010,04,2010-04-20
21,Mittwoch,42,0,7,35,0,7,40,1,43,2010,04,2010-04-21
22,Donnerstag,39,0,6,33,0,8,44,4,43,2010,04,2010-04-22
23,Freitag,48,0,3,45,0,3,53,2,50,2010,04,2010-04-23
24,Samstag,29,0,5,24,0,5,34,2,31,2010,04,2010-04-24
25,Sonntag,33,0,9,24,0,10,33,4,37,2010,04,2010-04-25
26,Montag,47,0,3,44,0,4,57,1,48,2010,04,2010-04-26
27,Dienstag,37,1,2,34,1,2,39,2,39,2010,04,2010-04-27
28,Mittwoch,41,0,5,36,0,5,40,1,42,2010,04,2010-04-28
29,Donnerstag,44,1,2,41,1,2,52,2,46,2010,04,2010-04-29
30,Freitag,50,0,6,44,0,8,54,1,51,2010,04,2010-04-30
1,Freitag,52,0,6,46,0,7,54,1,53,2011,04,2011-04-01
2,Samstag,40,0,8,32,0,8,42,3,43,2011,04,2011-04-02
3,Sonntag,31,1,4,26,1,5,40,3,34,2011,04,2011-04-03
4,Montag,45,1,6,38,1,9,42,4,49,2011,04,2011-04-04
5,Dienstag,NA,0,3,29,0,3,36,5,37,2011,04,2011-04-05
6,Mittwoch,32,0,4,28,0,4,37,3,35,2011,04,2011-04-06
7,Donnerstag,42,0,2,40,0,2,51,2,44,2011,04,2011-04-07
8,Freitag,40,0,1,39,0,1,45,3,43,2011,04,2011-04-08
9,Samstag,46,1,7,38,1,7,50,2,48,2011,04,2011-04-09
10,Sonntag,28,0,6,22,0,7,27,2,30,2011,04,2011-04-10
11,Montag,46,0,6,40,0,6,42,2,48,2011,04,2011-04-11
12,Dienstag,53,0,6,47,0,6,49,2,55,2011,04,2011-04-12
13,Mittwoch,46,0,6,40,0,6,47,1,47,2011,04,2011-04-13
14,Donnerstag,47,0,1,46,0,1,53,3,50,2011,04,2011-04-14
15,Freitag,39,0,7,32,0,7,37,2,41,2011,04,2011-04-15
16,Samstag,28,1,2,25,1,2,36,6,34,2011,04,2011-04-16
17,Sonntag,24,0,4,20,0,4,28,3,27,2011,04,2011-04-17
18,Montag,39,0,8,31,0,8,33,1,40,2011,04,2011-04-18
19,Dienstag,37,0,5,32,0,5,39,4,41,2011,04,2011-04-19
20,Mittwoch,63,0,6,57,0,6,66,4,67,2011,04,2011-04-20
21,Donnerstag,63,0,6,57,0,6,66,3,66,2011,04,2011-04-21
22,Freitag,28,0,7,21,0,7,33,0,28,2011,04,2011-04-22
23,Samstag,36,0,5,31,0,5,36,2,38,2011,04,2011-04-23
24,Sonntag,30,0,8,22,0,8,29,0,30,2011,04,2011-04-24
25,Montag,17,0,1,16,0,1,18,2,19,2011,04,2011-04-25
26,Dienstag,44,0,3,41,0,3,48,4,48,2011,04,2011-04-26
27,Mittwoch,40,0,4,36,0,4,39,1,41,2011,04,2011-04-27
28,Donnerstag,48,1,5,42,1,5,51,3,51,2011,04,2011-04-28
29,Freitag,49,0,8,41,0,8,45,2,51,2011,04,2011-04-29
30,Samstag,34,1,5,28,1,5,36,6,40,2011,04,2011-04-30
1,Donnerstag,40,0,4,36,0,5,45,2,42,2008,05,2008-05-01
2,Freitag,45,0,3,42,0,3,44,4,49,2008,05,2008-05-02
3,Samstag,35,0,3,32,0,3,41,7,42,2008,05,2008-05-03
4,Sonntag,25,0,6,19,0,9,24,1,26,2008,05,2008-05-04
5,Montag,59,0,5,54,0,5,71,2,61,2008,05,2008-05-05
6,Dienstag,49,0,3,46,0,3,54,8,57,2008,05,2008-05-06
7,Mittwoch,65,0,5,60,0,5,65,3,68,2008,05,2008-05-07
8,Donnerstag,81,0,9,72,0,9,79,3,84,2008,05,2008-05-08
9,Freitag,65,0,6,59,0,6,67,4,69,2008,05,2008-05-09
10,Samstag,54,0,4,50,0,4,64,3,57,2008,05,2008-05-10
11,Sonntag,27,0,4,23,0,4,31,1,28,2008,05,2008-05-11
12,Montag,32,0,4,28,0,4,38,1,33,2008,05,2008-05-12
13,Dienstag,66,0,15,51,0,15,59,3,69,2008,05,2008-05-13
14,Mittwoch,60,0,8,52,0,8,64,1,61,2008,05,2008-05-14
15,Donnerstag,56,0,5,51,0,5,55,4,60,2008,05,2008-05-15
16,Freitag,51,0,6,45,0,6,54,1,52,2008,05,2008-05-16
17,Samstag,40,0,3,37,0,3,41,4,44,2008,05,2008-05-17
18,Sonntag,17,0,2,15,0,2,18,2,19,2008,05,2008-05-18
19,Montag,56,0,9,47,0,9,55,4,60,2008,05,2008-05-19
20,Dienstag,55,0,5,50,0,5,57,4,59,2008,05,2008-05-20
21,Mittwoch,44,1,2,41,1,2,45,2,46,2008,05,2008-05-21
22,Donnerstag,61,0,6,55,0,6,65,1,62,2008,05,2008-05-22
23,Freitag,63,0,6,57,0,6,61,2,65,2008,05,2008-05-23
24,Samstag,31,0,6,25,0,6,35,1,32,2008,05,2008-05-24
25,Sonntag,32,0,3,29,0,3,40,2,34,2008,05,2008-05-25
26,Montag,49,0,4,45,0,5,52,1,50,2008,05,2008-05-26
27,Dienstag,51,0,11,40,0,11,47,2,53,2008,05,2008-05-27
28,Mittwoch,47,0,8,39,0,8,44,2,49,2008,05,2008-05-28
29,Donnerstag,63,0,11,52,0,11,57,2,65,2008,05,2008-05-29
30,Freitag,63,0,10,53,0,10,65,4,67,2008,05,2008-05-30
31,Samstag,49,0,5,44,0,6,50,4,53,2008,05,2008-05-31
1,Freitag,27,0,3,24,0,3,27,3,30,2009,05,2009-05-01
2,Samstag,47,0,10,37,0,10,40,2,49,2009,05,2009-05-02
3,Sonntag,32,0,3,29,0,3,35,2,34,2009,05,2009-05-03
4,Montag,46,0,7,39,0,7,46,1,47,2009,05,2009-05-04
5,Dienstag,60,0,5,55,0,5,62,1,61,2009,05,2009-05-05
6,Mittwoch,43,1,3,39,1,4,49,3,46,2009,05,2009-05-06
7,Donnerstag,49,0,6,43,0,6,53,1,50,2009,05,2009-05-07
8,Freitag,57,0,6,51,0,7,57,3,60,2009,05,2009-05-08
9,Samstag,42,0,4,38,0,4,48,0,42,2009,05,2009-05-09
10,Sonntag,24,0,3,21,0,3,26,3,27,2009,05,2009-05-10
11,Montag,38,0,2,36,0,2,42,3,41,2009,05,2009-05-11
12,Dienstag,55,0,4,51,0,5,55,1,56,2009,05,2009-05-12
13,Mittwoch,53,0,5,48,0,5,54,4,57,2009,05,2009-05-13
14,Donnerstag,51,0,5,46,0,5,57,4,55,2009,05,2009-05-14
15,Freitag,55,0,6,49,0,6,54,4,59,2009,05,2009-05-15
16,Samstag,35,0,5,30,0,5,34,4,39,2009,05,2009-05-16
17,Sonntag,29,0,4,25,0,4,38,5,34,2009,05,2009-05-17
18,Montag,45,0,2,43,0,2,48,0,45,2009,05,2009-05-18
19,Dienstag,63,0,10,53,0,10,61,2,65,2009,05,2009-05-19
20,Mittwoch,55,0,4,51,0,4,62,2,57,2009,05,2009-05-20
21,Donnerstag,21,0,4,17,0,4,19,1,22,2009,05,2009-05-21
22,Freitag,38,0,4,34,0,4,40,1,39,2009,05,2009-05-22
23,Samstag,33,0,9,24,0,10,32,4,37,2009,05,2009-05-23
24,Sonntag,34,0,5,29,0,5,35,0,34,2009,05,2009-05-24
25,Montag,67,0,7,60,0,7,73,1,68,2009,05,2009-05-25
26,Dienstag,56,0,5,51,0,5,61,4,60,2009,05,2009-05-26
27,Mittwoch,56,0,5,51,0,5,60,2,58,2009,05,2009-05-27
28,Donnerstag,45,0,1,44,0,1,50,4,49,2009,05,2009-05-28
29,Freitag,54,0,8,46,0,9,60,4,58,2009,05,2009-05-29
30,Samstag,26,0,2,24,0,2,32,1,27,2009,05,2009-05-30
31,Sonntag,22,0,5,17,0,5,21,2,24,2009,05,2009-05-31
1,Samstag,19,0,5,14,0,5,19,4,23,2010,05,2010-05-01
2,Sonntag,22,0,2,20,0,2,28,1,23,2010,05,2010-05-02
3,Montag,51,0,5,46,0,6,53,7,58,2010,05,2010-05-03
4,Dienstag,37,0,2,35,0,2,44,3,40,2010,05,2010-05-04
5,Mittwoch,56,0,8,48,0,9,54,4,60,2010,05,2010-05-05
6,Donnerstag,51,0,8,43,0,8,51,7,58,2010,05,2010-05-06
7,Freitag,44,0,7,37,0,7,41,6,50,2010,05,2010-05-07
8,Samstag,25,0,5,20,0,5,26,4,29,2010,05,2010-05-08
9,Sonntag,24,0,4,20,0,4,29,3,27,2010,05,2010-05-09
10,Montag,39,0,3,36,0,3,43,3,42,2010,05,2010-05-10
11,Dienstag,38,0,4,34,0,4,39,3,41,2010,05,2010-05-11
12,Mittwoch,28,0,1,27,0,1,32,2,30,2010,05,2010-05-12
13,Donnerstag,21,1,3,17,1,6,19,5,26,2010,05,2010-05-13
14,Freitag,28,1,1,26,1,1,34,4,32,2010,05,2010-05-14
15,Samstag,27,0,5,22,0,5,27,3,30,2010,05,2010-05-15
16,Sonntag,23,0,3,20,0,3,28,4,27,2010,05,2010-05-16
17,Montag,39,0,7,32,0,7,35,1,40,2010,05,2010-05-17
18,Dienstag,41,0,3,38,0,3,42,3,44,2010,05,2010-05-18
19,Mittwoch,38,0,5,33,0,5,43,3,41,2010,05,2010-05-19
20,Donnerstag,43,1,5,37,1,6,42,1,44,2010,05,2010-05-20
21,Freitag,47,0,4,43,0,5,51,5,52,2010,05,2010-05-21
22,Samstag,23,0,2,21,0,2,25,2,25,2010,05,2010-05-22
23,Sonntag,22,0,2,20,0,2,25,3,25,2010,05,2010-05-23
24,Montag,14,0,2,12,0,2,13,1,15,2010,05,2010-05-24
25,Dienstag,52,0,6,46,0,6,59,2,54,2010,05,2010-05-25
26,Mittwoch,48,0,6,42,0,6,50,1,49,2010,05,2010-05-26
27,Donnerstag,42,0,1,41,0,1,47,8,50,2010,05,2010-05-27
28,Freitag,49,0,7,42,0,7,49,0,49,2010,05,2010-05-28
29,Samstag,45,0,7,38,0,8,46,2,47,2010,05,2010-05-29
30,Sonntag,25,0,4,21,0,4,25,7,32,2010,05,2010-05-30
31,Montag,62,0,7,55,0,9,69,1,63,2010,05,2010-05-31
1,Sonntag,29,0,2,27,0,2,35,3,32,2011,05,2011-05-01
2,Montag,43,0,8,35,0,8,37,1,44,2011,05,2011-05-02
3,Dienstag,59,1,7,51,1,7,67,1,60,2011,05,2011-05-03
4,Mittwoch,42,0,7,35,0,7,40,1,43,2011,05,2011-05-04
5,Donnerstag,69,0,8,61,0,8,68,8,77,2011,05,2011-05-05
6,Freitag,59,0,5,54,0,5,57,3,62,2011,05,2011-05-06
7,Samstag,52,1,6,45,1,6,58,0,52,2011,05,2011-05-07
8,Sonntag,28,0,6,22,0,11,28,3,31,2011,05,2011-05-08
9,Montag,72,0,5,67,0,5,78,1,73,2011,05,2011-05-09
10,Dienstag,67,0,9,58,0,12,80,1,68,2011,05,2011-05-10
11,Mittwoch,40,0,4,36,0,4,46,2,42,2011,05,2011-05-11
12,Donnerstag,48,0,8,40,0,8,52,1,49,2011,05,2011-05-12
13,Freitag,59,1,7,51,1,7,55,1,60,2011,05,2011-05-13
14,Samstag,24,0,2,22,0,2,32,3,27,2011,05,2011-05-14
15,Sonntag,20,0,5,15,0,5,23,2,22,2011,05,2011-05-15
16,Montag,47,0,2,45,0,2,49,6,53,2011,05,2011-05-16
17,Dienstag,35,0,3,32,0,3,37,4,39,2011,05,2011-05-17
18,Mittwoch,51,0,13,38,0,14,48,2,53,2011,05,2011-05-18
19,Donnerstag,63,0,4,59,0,4,70,0,63,2011,05,2011-05-19
20,Freitag,58,0,5,53,0,5,64,4,62,2011,05,2011-05-20
21,Samstag,38,0,7,31,0,7,43,2,40,2011,05,2011-05-21
22,Sonntag,22,0,4,18,0,4,26,2,24,2011,05,2011-05-22
23,Montag,65,0,9,56,0,10,68,4,69,2011,05,2011-05-23
24,Dienstag,68,0,8,60,0,8,75,0,68,2011,05,2011-05-24
25,Mittwoch,61,0,4,57,0,4,67,2,63,2011,05,2011-05-25
26,Donnerstag,61,0,7,54,0,7,63,3,64,2011,05,2011-05-26
27,Freitag,53,0,5,48,0,6,52,0,53,2011,05,2011-05-27
28,Samstag,35,0,7,28,0,7,32,3,38,2011,05,2011-05-28
29,Sonntag,34,0,7,27,0,7,31,4,38,2011,05,2011-05-29
30,Montag,70,0,10,60,0,11,67,3,73,2011,05,2011-05-30
31,Dienstag,56,0,10,46,0,10,53,0,56,2011,05,2011-05-31
1,Sonntag,48,0,5,43,0,5,52,4,52,2008,06,2008-06-01
2,Montag,75,0,12,63,0,12,84,3,78,2008,06,2008-06-02
3,Dienstag,65,0,10,55,0,10,63,1,66,2008,06,2008-06-03
4,Mittwoch,78,0,9,69,0,9,81,3,81,2008,06,2008-06-04
5,Donnerstag,67,0,10,57,0,11,75,1,68,2008,06,2008-06-05
6,Freitag,61,0,7,54,0,7,61,1,62,2008,06,2008-06-06
7,Samstag,28,0,2,26,0,2,30,2,30,2008,06,2008-06-07
8,Sonntag,31,0,4,27,0,4,31,9,40,2008,06,2008-06-08
9,Montag,67,0,6,61,0,6,68,3,70,2008,06,2008-06-09
10,Dienstag,74,0,12,62,0,13,70,1,75,2008,06,2008-06-10
11,Mittwoch,64,0,10,54,0,10,61,3,67,2008,06,2008-06-11
12,Donnerstag,65,0,8,57,0,8,77,4,69,2008,06,2008-06-12
13,Freitag,97,1,5,91,1,5,109,5,102,2008,06,2008-06-13
14,Samstag,32,0,9,23,0,9,26,0,32,2008,06,2008-06-14
15,Sonntag,28,0,6,22,0,6,28,2,30,2008,06,2008-06-15
16,Montag,48,0,6,42,0,6,46,1,49,2008,06,2008-06-16
17,Dienstag,66,1,6,59,1,6,68,0,66,2008,06,2008-06-17
18,Mittwoch,61,0,4,57,0,4,70,0,61,2008,06,2008-06-18
19,Donnerstag,65,0,10,55,0,10,64,7,72,2008,06,2008-06-19
20,Freitag,42,0,3,39,0,3,45,3,45,2008,06,2008-06-20
21,Samstag,31,0,1,30,0,1,35,6,37,2008,06,2008-06-21
22,Sonntag,30,1,1,28,1,1,38,2,32,2008,06,2008-06-22
23,Montag,61,0,4,57,0,4,64,4,65,2008,06,2008-06-23
24,Dienstag,73,2,8,63,2,8,70,4,77,2008,06,2008-06-24
25,Mittwoch,65,0,6,59,0,6,67,4,69,2008,06,2008-06-25
26,Donnerstag,49,0,10,39,0,10,52,3,52,2008,06,2008-06-26
27,Freitag,50,0,5,45,0,5,55,2,52,2008,06,2008-06-27
28,Samstag,45,1,2,42,1,2,49,4,49,2008,06,2008-06-28
29,Sonntag,25,0,4,21,0,4,25,2,27,2008,06,2008-06-29
30,Montag,57,0,7,50,0,7,59,3,60,2008,06,2008-06-30
1,Montag,29,1,3,25,1,3,31,1,30,2009,06,2009-06-01
2,Dienstag,63,0,4,59,0,5,69,4,67,2009,06,2009-06-02
3,Mittwoch,58,1,6,51,1,6,57,4,62,2009,06,2009-06-03
4,Donnerstag,38,0,8,30,0,8,36,6,44,2009,06,2009-06-04
5,Freitag,37,0,3,34,0,3,40,2,39,2009,06,2009-06-05
6,Samstag,37,0,6,31,0,6,48,4,41,2009,06,2009-06-06
7,Sonntag,18,0,8,10,0,9,17,4,22,2009,06,2009-06-07
8,Montag,60,0,8,52,0,8,62,4,64,2009,06,2009-06-08
9,Dienstag,55,1,2,52,1,2,66,2,57,2009,06,2009-06-09
10,Mittwoch,50,1,4,45,1,4,53,5,55,2009,06,2009-06-10
11,Donnerstag,53,0,5,48,0,5,60,3,56,2009,06,2009-06-11
12,Freitag,36,1,1,34,1,1,40,7,43,2009,06,2009-06-12
13,Samstag,34,0,6,28,0,6,33,1,35,2009,06,2009-06-13
14,Sonntag,24,0,5,19,0,5,24,4,28,2009,06,2009-06-14
15,Montag,53,0,6,47,0,6,51,3,56,2009,06,2009-06-15
16,Dienstag,50,1,5,44,2,5,50,3,53,2009,06,2009-06-16
17,Mittwoch,64,0,4,60,0,4,74,4,68,2009,06,2009-06-17
18,Donnerstag,54,1,8,45,1,9,56,2,56,2009,06,2009-06-18
19,Freitag,39,0,5,34,0,6,43,2,41,2009,06,2009-06-19
20,Samstag,36,0,7,29,0,7,34,4,40,2009,06,2009-06-20
21,Sonntag,33,0,5,28,0,5,41,6,39,2009,06,2009-06-21
22,Montag,65,0,5,60,0,5,68,0,65,2009,06,2009-06-22
23,Dienstag,41,0,4,37,0,4,46,2,43,2009,06,2009-06-23
24,Mittwoch,61,1,7,53,1,7,61,2,63,2009,06,2009-06-24
25,Donnerstag,41,0,2,39,0,2,46,2,43,2009,06,2009-06-25
26,Freitag,34,0,2,32,0,3,37,1,35,2009,06,2009-06-26
27,Samstag,28,0,6,22,0,9,25,1,29,2009,06,2009-06-27
28,Sonntag,19,0,2,17,0,2,25,2,21,2009,06,2009-06-28
29,Montag,47,0,4,43,0,4,45,2,49,2009,06,2009-06-29
30,Dienstag,50,1,9,40,1,9,45,2,52,2009,06,2009-06-30
1,Dienstag,38,0,4,34,0,4,39,5,43,2010,06,2010-06-01
2,Mittwoch,46,0,6,40,0,8,51,1,47,2010,06,2010-06-02
3,Donnerstag,59,0,10,49,0,10,53,2,61,2010,06,2010-06-03
4,Freitag,68,0,9,59,0,9,72,3,71,2010,06,2010-06-04
5,Samstag,47,0,5,42,0,5,52,2,49,2010,06,2010-06-05
6,Sonntag,37,0,7,30,0,7,34,3,40,2010,06,2010-06-06
7,Montag,27,0,1,26,0,1,30,0,27,2010,06,2010-06-07
8,Dienstag,63,1,5,57,1,5,70,1,64,2010,06,2010-06-08
9,Mittwoch,51,0,5,46,0,5,54,4,55,2010,06,2010-06-09
10,Donnerstag,58,0,8,50,0,8,58,1,59,2010,06,2010-06-10
11,Freitag,74,0,12,62,0,12,68,5,79,2010,06,2010-06-11
12,Samstag,32,0,2,30,0,2,34,4,36,2010,06,2010-06-12
13,Sonntag,15,0,2,13,0,2,18,2,17,2010,06,2010-06-13
14,Montag,48,0,4,44,0,4,48,1,49,2010,06,2010-06-14
15,Dienstag,51,0,9,42,0,10,45,2,53,2010,06,2010-06-15
16,Mittwoch,70,0,12,58,0,12,71,4,74,2010,06,2010-06-16
17,Donnerstag,67,0,16,51,0,18,56,2,69,2010,06,2010-06-17
18,Freitag,60,0,6,54,0,7,66,4,64,2010,06,2010-06-18
19,Samstag,32,0,6,26,0,8,29,3,35,2010,06,2010-06-19
20,Sonntag,25,0,3,22,0,3,28,3,28,2010,06,2010-06-20
21,Montag,56,0,13,43,0,14,47,1,57,2010,06,2010-06-21
22,Dienstag,73,0,10,63,0,10,79,5,78,2010,06,2010-06-22
23,Mittwoch,59,0,6,53,0,6,59,0,59,2010,06,2010-06-23
24,Donnerstag,65,0,10,55,0,10,66,3,68,2010,06,2010-06-24
25,Freitag,68,2,7,59,2,8,64,0,68,2010,06,2010-06-25
26,Samstag,36,0,5,31,0,7,35,7,43,2010,06,2010-06-26
27,Sonntag,38,1,6,31,1,6,45,2,40,2010,06,2010-06-27
28,Montag,75,0,8,67,0,10,84,4,79,2010,06,2010-06-28
29,Dienstag,73,2,10,61,2,10,72,2,75,2010,06,2010-06-29
30,Mittwoch,65,0,8,57,0,8,64,3,68,2010,06,2010-06-30
1,Mittwoch,60,0,7,53,0,8,63,1,61,2011,06,2011-06-01
2,Donnerstag,36,0,2,34,0,2,36,2,38,2011,06,2011-06-02
3,Freitag,58,0,6,52,0,6,63,1,59,2011,06,2011-06-03
4,Samstag,48,0,11,37,0,11,53,2,50,2011,06,2011-06-04
5,Sonntag,24,0,4,20,0,4,35,3,27,2011,06,2011-06-05
6,Montag,68,0,7,61,0,8,74,2,70,2011,06,2011-06-06
7,Dienstag,54,0,2,52,0,2,62,2,56,2011,06,2011-06-07
8,Mittwoch,57,0,4,53,0,4,59,3,60,2011,06,2011-06-08
9,Donnerstag,64,0,9,55,0,9,65,2,66,2011,06,2011-06-09
10,Freitag,66,0,5,61,0,5,71,1,67,2011,06,2011-06-10
11,Samstag,37,0,7,30,0,7,60,1,38,2011,06,2011-06-11
12,Sonntag,25,0,4,21,0,7,24,8,33,2011,06,2011-06-12
13,Montag,34,0,4,30,0,4,36,5,39,2011,06,2011-06-13
14,Dienstag,51,0,7,44,0,7,54,1,52,2011,06,2011-06-14
15,Mittwoch,58,0,5,53,0,5,59,3,61,2011,06,2011-06-15
16,Donnerstag,57,0,5,52,0,5,65,3,60,2011,06,2011-06-16
17,Freitag,58,0,9,49,0,9,58,2,60,2011,06,2011-06-17
18,Samstag,35,0,10,25,0,10,31,3,38,2011,06,2011-06-18
19,Sonntag,19,0,3,16,0,3,20,2,21,2011,06,2011-06-19
20,Montag,63,1,8,54,1,8,67,1,64,2011,06,2011-06-20
21,Dienstag,76,1,11,64,1,11,72,2,78,2011,06,2011-06-21
22,Mittwoch,48,0,6,42,0,6,46,6,54,2011,06,2011-06-22
23,Donnerstag,69,0,5,64,0,5,70,6,75,2011,06,2011-06-23
24,Freitag,69,0,11,58,0,11,67,5,74,2011,06,2011-06-24
25,Samstag,33,0,2,31,0,2,44,3,36,2011,06,2011-06-25
26,Sonntag,29,0,4,25,0,4,32,4,33,2011,06,2011-06-26
27,Montag,66,0,7,59,0,8,64,0,66,2011,06,2011-06-27
28,Dienstag,68,0,11,57,0,11,62,2,70,2011,06,2011-06-28
29,Mittwoch,59,0,6,53,0,6,62,3,62,2011,06,2011-06-29
30,Donnerstag,31,0,4,27,0,4,35,0,31,2011,06,2011-06-30
1,Dienstag,81,0,10,71,0,10,85,0,81,2008,07,2008-07-01
2,Mittwoch,63,0,4,59,0,4,70,1,64,2008,07,2008-07-02
3,Donnerstag,61,0,8,53,0,8,69,1,62,2008,07,2008-07-03
4,Freitag,89,0,9,80,0,11,96,3,92,2008,07,2008-07-04
5,Samstag,36,0,4,32,0,4,39,7,43,2008,07,2008-07-05
6,Sonntag,23,0,3,20,0,3,27,1,24,2008,07,2008-07-06
7,Montag,55,0,8,47,0,8,55,4,59,2008,07,2008-07-07
8,Dienstag,79,0,10,69,0,10,82,1,80,2008,07,2008-07-08
9,Mittwoch,52,0,6,46,0,6,52,2,54,2008,07,2008-07-09
10,Donnerstag,85,0,7,78,0,7,92,3,88,2008,07,2008-07-10
11,Freitag,57,0,3,54,0,3,64,3,60,2008,07,2008-07-11
12,Samstag,36,0,3,33,0,3,41,6,42,2008,07,2008-07-12
13,Sonntag,18,0,2,16,0,2,25,3,21,2008,07,2008-07-13
14,Montag,55,0,2,53,0,2,60,3,58,2008,07,2008-07-14
15,Dienstag,54,0,6,48,0,7,59,1,55,2008,07,2008-07-15
16,Mittwoch,58,0,7,51,0,8,60,3,61,2008,07,2008-07-16
17,Donnerstag,53,0,6,47,0,6,59,6,59,2008,07,2008-07-17
18,Freitag,45,1,4,40,1,4,52,5,50,2008,07,2008-07-18
19,Samstag,47,0,3,44,0,3,56,0,47,2008,07,2008-07-19
20,Sonntag,19,0,4,15,0,4,20,3,22,2008,07,2008-07-20
21,Montag,36,0,8,28,0,8,32,0,36,2008,07,2008-07-21
22,Dienstag,41,0,4,37,0,4,47,1,42,2008,07,2008-07-22
23,Mittwoch,67,0,14,53,0,14,67,2,69,2008,07,2008-07-23
24,Donnerstag,45,0,6,39,0,6,46,0,45,2008,07,2008-07-24
25,Freitag,60,0,17,43,0,19,45,2,62,2008,07,2008-07-25
26,Samstag,28,0,2,26,0,2,26,3,31,2008,07,2008-07-26
27,Sonntag,30,0,3,27,0,3,42,0,30,2008,07,2008-07-27
28,Montag,47,0,8,39,0,8,46,0,47,2008,07,2008-07-28
29,Dienstag,76,0,10,66,0,10,81,0,76,2008,07,2008-07-29
30,Mittwoch,45,0,7,38,0,7,46,3,48,2008,07,2008-07-30
31,Donnerstag,61,0,8,53,0,8,61,0,61,2008,07,2008-07-31
1,Mittwoch,48,0,7,41,0,7,43,2,50,2009,07,2009-07-01
2,Donnerstag,68,0,2,66,0,2,75,9,77,2009,07,2009-07-02
3,Freitag,55,0,11,44,0,12,52,2,57,2009,07,2009-07-03
4,Samstag,50,1,6,43,1,6,53,2,52,2009,07,2009-07-04
5,Sonntag,43,0,5,38,0,5,46,1,44,2009,07,2009-07-05
6,Montag,56,0,5,51,0,5,55,3,59,2009,07,2009-07-06
7,Dienstag,53,0,2,51,0,2,57,1,54,2009,07,2009-07-07
8,Mittwoch,78,0,7,71,0,7,77,3,81,2009,07,2009-07-08
9,Donnerstag,53,0,8,45,0,8,51,1,54,2009,07,2009-07-09
10,Freitag,85,0,8,77,0,8,91,4,89,2009,07,2009-07-10
11,Samstag,35,0,8,27,0,8,31,3,38,2009,07,2009-07-11
12,Sonntag,18,0,5,13,0,6,18,9,27,2009,07,2009-07-12
13,Montag,62,0,8,54,0,8,69,1,63,2009,07,2009-07-13
14,Dienstag,55,0,6,49,0,6,51,0,55,2009,07,2009-07-14
15,Mittwoch,55,0,4,51,0,4,64,4,59,2009,07,2009-07-15
16,Donnerstag,53,1,7,45,1,7,55,1,54,2009,07,2009-07-16
17,Freitag,76,0,9,67,0,11,74,2,78,2009,07,2009-07-17
18,Samstag,29,0,2,27,0,2,33,3,32,2009,07,2009-07-18
19,Sonntag,24,0,1,23,0,1,31,3,27,2009,07,2009-07-19
20,Montag,46,0,7,39,0,7,48,1,47,2009,07,2009-07-20
21,Dienstag,50,0,6,44,0,6,49,5,55,2009,07,2009-07-21
22,Mittwoch,35,0,4,31,0,4,34,1,36,2009,07,2009-07-22
23,Donnerstag,40,1,1,38,1,1,43,4,44,2009,07,2009-07-23
24,Freitag,48,0,8,40,0,8,48,3,51,2009,07,2009-07-24
25,Samstag,29,0,5,24,0,5,40,5,34,2009,07,2009-07-25
26,Sonntag,13,0,1,12,0,1,17,5,18,2009,07,2009-07-26
27,Montag,56,1,6,49,1,6,58,1,57,2009,07,2009-07-27
28,Dienstag,52,0,8,44,0,9,54,2,54,2009,07,2009-07-28
29,Mittwoch,43,1,3,39,1,3,43,0,43,2009,07,2009-07-29
30,Donnerstag,38,0,5,33,0,5,42,3,41,2009,07,2009-07-30
31,Freitag,71,0,14,57,0,14,65,3,74,2009,07,2009-07-31
1,Donnerstag,79,0,7,72,0,7,85,2,81,2010,07,2010-07-01
2,Freitag,57,0,9,48,0,10,50,4,61,2010,07,2010-07-02
3,Samstag,55,0,9,46,0,9,62,4,59,2010,07,2010-07-03
4,Sonntag,23,0,2,21,0,3,30,2,25,2010,07,2010-07-04
5,Montag,65,0,8,57,0,8,70,2,67,2010,07,2010-07-05
6,Dienstag,76,0,12,64,0,12,69,2,78,2010,07,2010-07-06
7,Mittwoch,59,0,3,56,0,3,64,4,63,2010,07,2010-07-07
8,Donnerstag,67,0,8,59,0,8,70,7,74,2010,07,2010-07-08
9,Freitag,54,0,5,49,0,5,55,1,55,2010,07,2010-07-09
10,Samstag,43,0,5,38,0,5,47,2,45,2010,07,2010-07-10
11,Sonntag,20,0,5,15,0,5,21,1,21,2010,07,2010-07-11
12,Montag,47,0,7,40,0,7,42,3,50,2010,07,2010-07-12
13,Dienstag,45,0,7,38,0,8,41,1,46,2010,07,2010-07-13
14,Mittwoch,49,0,8,41,0,8,45,5,54,2010,07,2010-07-14
15,Donnerstag,55,0,4,51,0,4,54,1,56,2010,07,2010-07-15
16,Freitag,53,1,7,45,1,7,57,4,57,2010,07,2010-07-16
17,Samstag,34,0,6,28,0,6,36,3,37,2010,07,2010-07-17
18,Sonntag,13,0,3,10,0,3,12,6,19,2010,07,2010-07-18
19,Montag,45,0,10,35,0,10,44,0,45,2010,07,2010-07-19
20,Dienstag,56,0,12,44,0,14,50,4,60,2010,07,2010-07-20
21,Mittwoch,42,0,4,38,0,4,42,1,43,2010,07,2010-07-21
22,Donnerstag,43,0,4,39,0,4,44,4,47,2010,07,2010-07-22
23,Freitag,41,0,2,39,0,3,50,2,43,2010,07,2010-07-23
24,Samstag,24,0,5,19,0,5,20,4,28,2010,07,2010-07-24
25,Sonntag,17,0,6,11,0,6,16,4,21,2010,07,2010-07-25
26,Montag,48,0,3,45,0,3,51,1,49,2010,07,2010-07-26
27,Dienstag,36,0,5,31,0,5,35,1,37,2010,07,2010-07-27
28,Mittwoch,44,2,5,37,2,5,44,3,47,2010,07,2010-07-28
29,Donnerstag,43,0,7,36,0,7,39,1,44,2010,07,2010-07-29
30,Freitag,42,0,4,38,0,4,42,4,46,2010,07,2010-07-30
31,Samstag,32,0,2,30,0,2,38,2,34,2010,07,2010-07-31
1,Freitag,51,0,8,43,0,8,44,3,54,2011,07,2011-07-01
2,Samstag,34,0,6,28,0,7,35,9,43,2011,07,2011-07-02
3,Sonntag,23,0,6,17,0,7,24,5,28,2011,07,2011-07-03
4,Montag,42,1,8,33,1,8,41,5,47,2011,07,2011-07-04
5,Dienstag,47,0,4,43,0,4,45,4,51,2011,07,2011-07-05
6,Mittwoch,64,0,8,56,0,8,64,6,70,2011,07,2011-07-06
7,Donnerstag,46,0,7,39,0,7,45,0,46,2011,07,2011-07-07
8,Freitag,34,0,4,30,0,4,30,4,38,2011,07,2011-07-08
9,Samstag,28,0,7,21,0,7,27,2,30,2011,07,2011-07-09
10,Sonntag,22,0,5,17,0,5,23,1,23,2011,07,2011-07-10
11,Montag,40,0,2,38,0,2,43,2,42,2011,07,2011-07-11
12,Dienstag,48,0,10,38,0,10,47,1,49,2011,07,2011-07-12
13,Mittwoch,35,0,2,33,0,2,38,2,37,2011,07,2011-07-13
14,Donnerstag,45,0,4,41,0,4,50,3,48,2011,07,2011-07-14
15,Freitag,32,0,3,29,0,3,39,3,35,2011,07,2011-07-15
16,Samstag,35,0,4,31,0,6,45,2,37,2011,07,2011-07-16
17,Sonntag,28,0,3,25,0,3,29,3,31,2011,07,2011-07-17
18,Montag,31,0,4,27,0,4,30,3,34,2011,07,2011-07-18
19,Dienstag,46,0,7,39,0,7,42,1,47,2011,07,2011-07-19
20,Mittwoch,28,0,6,22,0,6,25,1,29,2011,07,2011-07-20
21,Donnerstag,56,0,8,48,0,8,60,2,58,2011,07,2011-07-21
22,Freitag,33,1,7,25,1,8,27,4,37,2011,07,2011-07-22
23,Samstag,23,0,7,16,0,7,20,4,27,2011,07,2011-07-23
24,Sonntag,18,0,4,14,0,4,17,0,18,2011,07,2011-07-24
25,Montag,34,0,2,32,0,2,41,2,36,2011,07,2011-07-25
26,Dienstag,53,0,5,48,0,5,56,1,54,2011,07,2011-07-26
27,Mittwoch,37,0,5,32,0,5,36,2,39,2011,07,2011-07-27
28,Donnerstag,45,1,6,38,1,8,46,3,48,2011,07,2011-07-28
29,Freitag,46,0,5,41,0,5,50,1,47,2011,07,2011-07-29
30,Samstag,35,0,5,30,0,5,36,8,43,2011,07,2011-07-30
31,Sonntag,20,0,5,15,0,5,24,7,27,2011,07,2011-07-31
1,Freitag,53,0,6,47,0,6,50,0,53,2008,08,2008-08-01
2,Samstag,28,1,1,26,1,2,38,5,33,2008,08,2008-08-02
3,Sonntag,23,0,3,20,0,4,25,5,28,2008,08,2008-08-03
4,Montag,39,0,2,37,0,2,42,4,43,2008,08,2008-08-04
5,Dienstag,49,0,4,45,0,5,52,1,50,2008,08,2008-08-05
6,Mittwoch,38,0,3,35,0,3,41,1,39,2008,08,2008-08-06
7,Donnerstag,54,0,3,51,0,3,66,2,56,2008,08,2008-08-07
8,Freitag,59,0,5,54,0,5,60,6,65,2008,08,2008-08-08
9,Samstag,56,2,4,50,2,4,61,4,60,2008,08,2008-08-09
10,Sonntag,30,0,1,29,0,1,37,4,34,2008,08,2008-08-10
11,Montag,45,0,5,40,0,5,48,1,46,2008,08,2008-08-11
12,Dienstag,53,0,5,48,0,5,53,3,56,2008,08,2008-08-12
13,Mittwoch,50,0,6,44,0,6,49,2,52,2008,08,2008-08-13
14,Donnerstag,50,0,3,47,0,3,59,3,53,2008,08,2008-08-14
15,Freitag,66,0,6,60,0,7,70,2,68,2008,08,2008-08-15
16,Samstag,25,0,0,25,0,0,32,4,29,2008,08,2008-08-16
17,Sonntag,31,0,2,29,0,2,41,1,32,2008,08,2008-08-17
18,Montag,43,0,3,40,0,4,49,0,43,2008,08,2008-08-18
19,Dienstag,36,0,7,29,0,7,37,2,38,2008,08,2008-08-19
20,Mittwoch,53,0,6,47,0,6,57,0,53,2008,08,2008-08-20
21,Donnerstag,42,0,4,38,0,5,43,3,45,2008,08,2008-08-21
22,Freitag,36,0,5,31,0,5,33,2,38,2008,08,2008-08-22
23,Samstag,28,0,3,25,0,3,33,7,35,2008,08,2008-08-23
24,Sonntag,21,0,7,14,0,7,18,5,26,2008,08,2008-08-24
25,Montag,36,0,4,32,0,4,35,1,37,2008,08,2008-08-25
26,Dienstag,43,0,5,38,0,5,46,1,44,2008,08,2008-08-26
27,Mittwoch,51,0,6,45,0,6,52,7,58,2008,08,2008-08-27
28,Donnerstag,53,0,6,47,0,8,60,5,58,2008,08,2008-08-28
29,Freitag,46,1,5,40,1,5,43,6,52,2008,08,2008-08-29
30,Samstag,36,1,5,30,1,6,38,2,38,2008,08,2008-08-30
31,Sonntag,26,0,5,21,0,5,28,2,28,2008,08,2008-08-31
1,Samstag,46,0,5,41,0,5,48,2,48,2009,08,2009-08-01
2,Sonntag,24,0,6,18,0,6,21,3,27,2009,08,2009-08-02
3,Montag,40,0,5,35,0,7,40,4,44,2009,08,2009-08-03
4,Dienstag,47,0,5,42,0,5,48,3,50,2009,08,2009-08-04
5,Mittwoch,48,0,5,43,0,5,49,6,54,2009,08,2009-08-05
6,Donnerstag,38,1,6,31,1,6,34,2,40,2009,08,2009-08-06
7,Freitag,58,0,4,54,0,4,65,1,59,2009,08,2009-08-07
8,Samstag,30,0,2,28,0,2,34,1,31,2009,08,2009-08-08
9,Sonntag,17,0,3,14,0,4,18,3,20,2009,08,2009-08-09
10,Montag,49,0,4,45,0,4,54,2,51,2009,08,2009-08-10
11,Dienstag,49,0,4,45,0,4,75,2,51,2009,08,2009-08-11
12,Mittwoch,61,0,5,56,0,5,62,3,64,2009,08,2009-08-12
13,Donnerstag,46,0,4,42,0,4,47,3,49,2009,08,2009-08-13
14,Freitag,45,0,8,37,0,8,43,2,47,2009,08,2009-08-14
15,Samstag,34,0,4,30,0,4,37,3,37,2009,08,2009-08-15
16,Sonntag,36,0,6,30,0,6,44,2,38,2009,08,2009-08-16
17,Montag,43,0,7,36,0,7,41,2,45,2009,08,2009-08-17
18,Dienstag,46,0,5,41,0,5,44,5,51,2009,08,2009-08-18
19,Mittwoch,56,0,6,50,0,6,63,3,59,2009,08,2009-08-19
20,Donnerstag,55,0,7,48,0,7,63,4,59,2009,08,2009-08-20
21,Freitag,63,0,7,56,0,8,84,2,65,2009,08,2009-08-21
22,Samstag,29,0,2,27,0,2,32,0,29,2009,08,2009-08-22
23,Sonntag,26,0,6,20,0,8,21,5,31,2009,08,2009-08-23
24,Montag,61,0,5,56,0,5,69,1,62,2009,08,2009-08-24
25,Dienstag,57,1,5,51,1,5,68,3,60,2009,08,2009-08-25
26,Mittwoch,47,0,4,43,0,4,48,1,48,2009,08,2009-08-26
27,Donnerstag,57,0,7,50,0,7,56,4,61,2009,08,2009-08-27
28,Freitag,38,0,4,34,0,4,37,2,40,2009,08,2009-08-28
29,Samstag,42,1,5,36,1,5,53,4,46,2009,08,2009-08-29
30,Sonntag,29,0,2,27,0,2,33,4,33,2009,08,2009-08-30
31,Montag,59,0,4,55,0,4,62,3,62,2009,08,2009-08-31
1,Sonntag,22,0,5,17,0,5,23,4,26,2010,08,2010-08-01
2,Montag,43,0,2,41,0,2,48,1,44,2010,08,2010-08-02
3,Dienstag,52,0,6,46,0,7,58,7,59,2010,08,2010-08-03
4,Mittwoch,38,0,6,32,0,6,37,2,40,2010,08,2010-08-04
5,Donnerstag,40,0,9,31,0,9,40,3,43,2010,08,2010-08-05
6,Freitag,43,0,5,38,0,5,51,6,49,2010,08,2010-08-06
7,Samstag,26,0,3,23,0,3,25,1,27,2010,08,2010-08-07
8,Sonntag,13,0,2,11,0,2,14,1,14,2010,08,2010-08-08
9,Montag,52,0,6,46,0,7,57,1,53,2010,08,2010-08-09
10,Dienstag,49,1,3,45,1,4,52,1,50,2010,08,2010-08-10
11,Mittwoch,58,0,10,48,0,10,63,3,61,2010,08,2010-08-11
12,Donnerstag,46,1,4,41,1,4,49,5,51,2010,08,2010-08-12
13,Freitag,40,0,5,35,0,5,42,4,44,2010,08,2010-08-13
14,Samstag,31,0,3,28,0,3,32,3,34,2010,08,2010-08-14
15,Sonntag,20,0,1,19,0,1,23,4,24,2010,08,2010-08-15
16,Montag,35,0,2,33,0,2,36,3,38,2010,08,2010-08-16
17,Dienstag,51,0,8,43,0,8,55,0,51,2010,08,2010-08-17
18,Mittwoch,53,0,7,46,0,8,54,6,59,2010,08,2010-08-18
19,Donnerstag,40,0,5,35,0,6,37,0,40,2010,08,2010-08-19
20,Freitag,51,0,8,43,0,8,48,3,54,2010,08,2010-08-20
21,Samstag,36,0,7,29,0,8,38,3,39,2010,08,2010-08-21
22,Sonntag,25,0,3,22,0,3,31,2,27,2010,08,2010-08-22
23,Montag,77,0,7,70,0,7,80,2,79,2010,08,2010-08-23
24,Dienstag,63,0,5,58,0,5,66,2,65,2010,08,2010-08-24
25,Mittwoch,47,1,3,43,1,3,47,0,47,2010,08,2010-08-25
26,Donnerstag,60,0,10,50,0,10,60,0,60,2010,08,2010-08-26
27,Freitag,51,0,8,43,0,12,51,2,53,2010,08,2010-08-27
28,Samstag,24,0,3,21,0,3,24,3,27,2010,08,2010-08-28
29,Sonntag,13,0,0,13,0,0,17,1,14,2010,08,2010-08-29
30,Montag,30,1,2,27,1,2,29,1,31,2010,08,2010-08-30
31,Dienstag,51,0,4,47,0,4,54,1,52,2010,08,2010-08-31
1,Montag,36,0,2,34,0,2,41,2,38,2011,08,2011-08-01
2,Dienstag,64,1,8,55,1,8,60,0,64,2011,08,2011-08-02
3,Mittwoch,57,0,9,48,0,9,60,2,59,2011,08,2011-08-03
4,Donnerstag,50,1,6,43,1,6,57,3,53,2011,08,2011-08-04
5,Freitag,38,0,6,32,0,6,38,3,41,2011,08,2011-08-05
6,Samstag,30,0,5,25,0,5,31,5,35,2011,08,2011-08-06
7,Sonntag,31,1,4,26,1,4,41,2,33,2011,08,2011-08-07
8,Montag,58,0,6,52,0,6,63,2,60,2011,08,2011-08-08
9,Dienstag,35,0,7,28,0,7,39,2,37,2011,08,2011-08-09
10,Mittwoch,47,0,8,39,0,8,55,5,52,2011,08,2011-08-10
11,Donnerstag,48,0,7,41,0,7,53,3,51,2011,08,2011-08-11
12,Freitag,46,0,3,43,0,3,52,3,49,2011,08,2011-08-12
13,Samstag,33,0,7,26,0,7,30,1,34,2011,08,2011-08-13
14,Sonntag,44,0,7,37,0,9,52,5,49,2011,08,2011-08-14
15,Montag,57,0,3,54,0,3,61,2,59,2011,08,2011-08-15
16,Dienstag,58,1,7,50,1,7,62,5,63,2011,08,2011-08-16
17,Mittwoch,52,0,13,39,0,13,55,1,53,2011,08,2011-08-17
18,Donnerstag,57,0,4,53,0,4,57,3,60,2011,08,2011-08-18
19,Freitag,59,0,4,55,0,4,62,3,62,2011,08,2011-08-19
20,Samstag,53,0,8,45,0,8,58,7,60,2011,08,2011-08-20
21,Sonntag,35,0,8,27,0,8,33,1,36,2011,08,2011-08-21
22,Montag,62,0,6,56,0,6,69,4,66,2011,08,2011-08-22
23,Dienstag,66,0,7,59,0,7,63,3,69,2011,08,2011-08-23
24,Mittwoch,51,0,6,45,0,6,59,4,55,2011,08,2011-08-24
25,Donnerstag,60,2,6,52,2,6,57,1,61,2011,08,2011-08-25
26,Freitag,60,0,8,52,0,9,58,1,61,2011,08,2011-08-26
27,Samstag,26,0,6,20,0,6,24,1,27,2011,08,2011-08-27
28,Sonntag,21,0,3,18,0,3,22,3,24,2011,08,2011-08-28
29,Montag,64,0,7,57,0,7,75,3,67,2011,08,2011-08-29
30,Dienstag,59,0,13,46,0,13,52,5,64,2011,08,2011-08-30
31,Mittwoch,51,0,4,47,0,5,68,2,53,2011,08,2011-08-31
1,Montag,66,0,9,57,0,10,66,4,70,2008,09,2008-09-01
2,Dienstag,59,0,10,49,0,10,53,2,61,2008,09,2008-09-02
3,Mittwoch,64,0,6,58,0,6,71,3,67,2008,09,2008-09-03
4,Donnerstag,44,0,6,38,0,6,41,3,47,2008,09,2008-09-04
5,Freitag,46,0,4,42,0,4,50,5,51,2008,09,2008-09-05
6,Samstag,47,0,7,40,0,7,45,5,52,2008,09,2008-09-06
7,Sonntag,18,0,6,12,0,6,21,7,25,2008,09,2008-09-07
8,Montag,60,0,8,52,0,8,58,4,64,2008,09,2008-09-08
9,Dienstag,60,0,9,51,0,9,63,4,64,2008,09,2008-09-09
10,Mittwoch,43,0,3,40,0,3,42,2,45,2008,09,2008-09-10
11,Donnerstag,63,1,7,55,1,7,67,2,65,2008,09,2008-09-11
12,Freitag,46,0,6,40,0,6,44,3,49,2008,09,2008-09-12
13,Samstag,24,0,4,20,0,4,26,5,29,2008,09,2008-09-13
14,Sonntag,17,0,3,14,0,3,17,4,21,2008,09,2008-09-14
15,Montag,51,0,2,49,0,2,54,2,53,2008,09,2008-09-15
16,Dienstag,40,0,3,37,0,3,45,4,44,2008,09,2008-09-16
17,Mittwoch,57,0,8,49,0,8,59,2,59,2008,09,2008-09-17
18,Donnerstag,40,0,5,35,0,5,39,4,44,2008,09,2008-09-18
19,Freitag,49,1,6,42,1,6,44,3,52,2008,09,2008-09-19
20,Samstag,30,1,4,25,1,4,32,4,34,2008,09,2008-09-20
21,Sonntag,17,0,2,15,0,2,18,7,24,2008,09,2008-09-21
22,Montag,49,0,3,46,0,4,53,4,53,2008,09,2008-09-22
23,Dienstag,66,0,4,62,0,4,73,6,72,2008,09,2008-09-23
24,Mittwoch,46,0,1,45,0,1,48,4,50,2008,09,2008-09-24
25,Donnerstag,49,1,6,42,1,6,53,4,53,2008,09,2008-09-25
26,Freitag,46,0,6,40,0,6,49,3,49,2008,09,2008-09-26
27,Samstag,34,0,5,29,0,5,38,1,35,2008,09,2008-09-27
28,Sonntag,25,0,4,21,0,4,21,2,27,2008,09,2008-09-28
29,Montag,34,1,3,30,1,3,33,1,35,2008,09,2008-09-29
30,Dienstag,70,0,4,66,0,4,80,7,77,2008,09,2008-09-30
1,Dienstag,80,0,7,73,0,7,85,2,82,2009,09,2009-09-01
2,Mittwoch,54,0,7,47,0,7,53,4,58,2009,09,2009-09-02
3,Donnerstag,72,0,10,62,0,11,65,3,75,2009,09,2009-09-03
4,Freitag,83,0,11,72,0,11,76,3,86,2009,09,2009-09-04
5,Samstag,28,0,4,24,0,4,31,2,30,2009,09,2009-09-05
6,Sonntag,14,0,3,11,0,3,14,2,16,2009,09,2009-09-06
7,Montag,37,0,7,30,0,7,37,2,39,2009,09,2009-09-07
8,Dienstag,58,1,9,48,1,9,52,2,60,2009,09,2009-09-08
9,Mittwoch,55,0,8,47,0,9,51,4,59,2009,09,2009-09-09
10,Donnerstag,46,0,7,39,0,7,51,1,47,2009,09,2009-09-10
11,Freitag,57,0,8,49,0,8,67,3,60,2009,09,2009-09-11
12,Samstag,43,0,4,39,0,4,49,4,47,2009,09,2009-09-12
13,Sonntag,27,0,6,21,0,6,29,6,33,2009,09,2009-09-13
14,Montag,43,0,3,40,0,3,44,5,48,2009,09,2009-09-14
15,Dienstag,48,0,3,45,0,3,55,2,50,2009,09,2009-09-15
16,Mittwoch,65,0,8,57,0,10,64,1,66,2009,09,2009-09-16
17,Donnerstag,60,0,7,53,0,7,62,3,63,2009,09,2009-09-17
18,Freitag,53,1,9,43,1,9,49,4,57,2009,09,2009-09-18
19,Samstag,38,1,5,32,1,7,35,4,42,2009,09,2009-09-19
20,Sonntag,27,0,4,23,0,4,27,4,31,2009,09,2009-09-20
21,Montag,46,1,6,39,1,6,46,4,50,2009,09,2009-09-21
22,Dienstag,56,0,7,49,0,7,55,1,57,2009,09,2009-09-22
23,Mittwoch,48,0,7,41,0,7,43,6,54,2009,09,2009-09-23
24,Donnerstag,60,1,14,45,1,15,55,2,62,2009,09,2009-09-24
25,Freitag,60,0,3,57,0,3,66,3,63,2009,09,2009-09-25
26,Samstag,38,0,9,29,0,9,38,3,41,2009,09,2009-09-26
27,Sonntag,37,0,8,29,0,8,34,0,37,2009,09,2009-09-27
28,Montag,55,0,5,50,0,5,57,1,56,2009,09,2009-09-28
29,Dienstag,61,0,6,55,0,7,61,2,63,2009,09,2009-09-29
30,Mittwoch,62,0,10,52,0,11,59,0,62,2009,09,2009-09-30
1,Mittwoch,45,0,3,42,0,3,43,3,48,2010,09,2010-09-01
2,Donnerstag,65,0,6,59,0,6,68,3,68,2010,09,2010-09-02
3,Freitag,53,0,13,40,0,14,45,1,54,2010,09,2010-09-03
4,Samstag,27,0,6,21,0,7,24,2,29,2010,09,2010-09-04
5,Sonntag,26,1,4,21,1,5,23,3,29,2010,09,2010-09-05
6,Montag,63,0,6,57,0,6,67,1,64,2010,09,2010-09-06
7,Dienstag,46,0,9,37,0,11,41,3,49,2010,09,2010-09-07
8,Mittwoch,47,1,5,41,1,5,47,2,49,2010,09,2010-09-08
9,Donnerstag,53,0,7,46,0,7,53,5,58,2010,09,2010-09-09
10,Freitag,44,0,9,35,0,9,38,4,48,2010,09,2010-09-10
11,Samstag,28,0,4,24,0,5,37,4,32,2010,09,2010-09-11
12,Sonntag,40,0,5,35,0,6,42,5,45,2010,09,2010-09-12
13,Montag,54,1,8,45,1,8,50,1,55,2010,09,2010-09-13
14,Dienstag,55,0,4,51,0,4,54,3,58,2010,09,2010-09-14
15,Mittwoch,41,0,4,37,0,4,41,2,43,2010,09,2010-09-15
16,Donnerstag,40,0,7,33,0,8,38,1,41,2010,09,2010-09-16
17,Freitag,53,0,8,45,0,8,49,5,58,2010,09,2010-09-17
18,Samstag,28,0,6,22,0,6,27,4,32,2010,09,2010-09-18
19,Sonntag,19,0,3,16,0,3,21,2,21,2010,09,2010-09-19
20,Montag,41,0,5,36,0,5,48,3,44,2010,09,2010-09-20
21,Dienstag,63,0,5,58,0,5,65,1,64,2010,09,2010-09-21
22,Mittwoch,64,0,12,52,0,14,62,1,65,2010,09,2010-09-22
23,Donnerstag,60,0,4,56,0,4,67,1,61,2010,09,2010-09-23
24,Freitag,52,0,13,39,0,13,54,2,54,2010,09,2010-09-24
25,Samstag,44,0,3,41,0,3,49,4,48,2010,09,2010-09-25
26,Sonntag,35,0,6,29,0,7,43,7,42,2010,09,2010-09-26
27,Montag,61,0,7,54,0,7,60,5,66,2010,09,2010-09-27
28,Dienstag,39,0,4,35,0,4,37,0,39,2010,09,2010-09-28
29,Mittwoch,52,0,4,48,0,4,57,2,54,2010,09,2010-09-29
30,Donnerstag,58,1,8,49,1,9,54,5,63,2010,09,2010-09-30
1,Donnerstag,53,0,12,41,0,12,56,3,56,2011,09,2011-09-01
2,Freitag,66,0,7,59,0,7,68,3,69,2011,09,2011-09-02
3,Samstag,42,0,9,33,0,10,40,3,45,2011,09,2011-09-03
4,Sonntag,33,1,4,28,1,4,39,1,34,2011,09,2011-09-04
5,Montag,66,0,8,58,0,8,71,3,69,2011,09,2011-09-05
6,Dienstag,83,0,12,71,0,13,84,2,85,2011,09,2011-09-06
7,Mittwoch,42,0,6,36,0,6,42,3,45,2011,09,2011-09-07
8,Donnerstag,67,0,8,59,0,8,67,3,70,2011,09,2011-09-08
9,Freitag,66,1,6,59,1,6,70,1,67,2011,09,2011-09-09
10,Samstag,29,1,4,24,1,4,29,2,31,2011,09,2011-09-10
11,Sonntag,46,1,5,40,1,6,48,5,51,2011,09,2011-09-11
12,Montag,51,0,5,46,0,6,53,1,52,2011,09,2011-09-12
13,Dienstag,58,0,8,50,0,9,57,2,60,2011,09,2011-09-13
14,Mittwoch,37,0,5,32,0,5,34,3,40,2011,09,2011-09-14
15,Donnerstag,39,0,4,35,0,4,38,5,44,2011,09,2011-09-15
16,Freitag,57,0,12,45,0,13,55,8,65,2011,09,2011-09-16
17,Samstag,40,0,9,31,0,9,34,2,42,2011,09,2011-09-17
18,Sonntag,42,0,4,38,0,5,46,7,49,2011,09,2011-09-18
19,Montag,48,1,6,41,1,6,43,3,51,2011,09,2011-09-19
20,Dienstag,59,0,6,53,0,6,59,2,61,2011,09,2011-09-20
21,Mittwoch,49,0,10,39,0,10,48,1,50,2011,09,2011-09-21
22,Donnerstag,52,1,6,45,1,6,47,1,53,2011,09,2011-09-22
23,Freitag,65,0,11,54,0,12,68,1,66,2011,09,2011-09-23
24,Samstag,37,0,7,30,0,8,37,2,39,2011,09,2011-09-24
25,Sonntag,31,0,4,27,0,4,34,3,34,2011,09,2011-09-25
26,Montag,58,0,7,51,0,7,62,5,63,2011,09,2011-09-26
27,Dienstag,58,0,5,53,0,6,65,1,59,2011,09,2011-09-27
28,Mittwoch,73,1,11,61,1,11,74,2,75,2011,09,2011-09-28
29,Donnerstag,72,1,16,55,1,17,71,5,77,2011,09,2011-09-29
30,Freitag,88,0,11,77,0,12,87,4,92,2011,09,2011-09-30
1,Mittwoch,90,0,6,84,0,6,94,6,96,2008,10,2008-10-01
2,Donnerstag,53,0,8,45,0,8,56,2,55,2008,10,2008-10-02
3,Freitag,21,0,4,17,0,5,26,4,25,2008,10,2008-10-03
4,Samstag,24,0,1,23,0,1,33,5,29,2008,10,2008-10-04
5,Sonntag,31,0,7,24,0,7,38,5,36,2008,10,2008-10-05
6,Montag,57,0,4,53,0,4,62,1,58,2008,10,2008-10-06
7,Dienstag,48,0,2,46,0,2,52,1,49,2008,10,2008-10-07
8,Mittwoch,45,1,4,40,1,4,52,0,45,2008,10,2008-10-08
9,Donnerstag,57,0,5,52,0,5,66,2,59,2008,10,2008-10-09
10,Freitag,46,1,9,36,1,9,42,5,51,2008,10,2008-10-10
11,Samstag,37,2,4,31,2,5,46,7,44,2008,10,2008-10-11
12,Sonntag,17,0,1,16,0,1,16,3,20,2008,10,2008-10-12
13,Montag,49,0,4,45,0,5,55,3,52,2008,10,2008-10-13
14,Dienstag,75,0,7,68,0,7,83,6,81,2008,10,2008-10-14
15,Mittwoch,58,1,2,55,1,2,67,2,60,2008,10,2008-10-15
16,Donnerstag,61,0,12,49,0,12,56,4,65,2008,10,2008-10-16
17,Freitag,55,0,9,46,0,9,57,4,59,2008,10,2008-10-17
18,Samstag,33,1,5,27,1,5,37,4,37,2008,10,2008-10-18
19,Sonntag,11,0,2,9,0,4,11,5,16,2008,10,2008-10-19
20,Montag,53,1,10,42,1,10,48,0,53,2008,10,2008-10-20
21,Dienstag,62,0,10,52,0,10,60,6,68,2008,10,2008-10-21
22,Mittwoch,40,0,1,39,0,1,47,2,42,2008,10,2008-10-22
23,Donnerstag,39,0,4,35,0,4,39,4,43,2008,10,2008-10-23
24,Freitag,43,0,4,39,0,4,46,3,46,2008,10,2008-10-24
25,Samstag,10,0,2,8,0,2,12,3,13,2008,10,2008-10-25
26,Sonntag,19,0,4,15,0,5,20,4,23,2008,10,2008-10-26
27,Montag,56,0,7,49,0,7,57,7,63,2008,10,2008-10-27
28,Dienstag,41,0,4,37,0,5,46,4,45,2008,10,2008-10-28
29,Mittwoch,45,0,4,41,0,4,50,4,49,2008,10,2008-10-29
30,Donnerstag,77,1,14,62,1,14,76,11,88,2008,10,2008-10-30
31,Freitag,52,0,2,50,0,2,64,4,56,2008,10,2008-10-31
1,Donnerstag,49,0,2,47,0,2,53,7,56,2009,10,2009-10-01
2,Freitag,63,0,7,56,0,7,64,4,67,2009,10,2009-10-02
3,Samstag,21,0,3,18,0,3,23,2,23,2009,10,2009-10-03
4,Sonntag,24,0,2,22,0,2,25,3,27,2009,10,2009-10-04
5,Montag,56,0,4,52,0,4,57,4,60,2009,10,2009-10-05
6,Dienstag,56,0,6,50,0,6,58,1,57,2009,10,2009-10-06
7,Mittwoch,71,0,6,65,0,9,78,4,75,2009,10,2009-10-07
8,Donnerstag,62,0,11,51,0,12,53,6,68,2009,10,2009-10-08
9,Freitag,53,0,5,48,0,5,56,0,53,2009,10,2009-10-09
10,Samstag,39,0,7,32,0,8,45,4,43,2009,10,2009-10-10
11,Sonntag,25,0,4,21,0,5,26,10,35,2009,10,2009-10-11
12,Montag,47,0,5,42,0,5,50,8,55,2009,10,2009-10-12
13,Dienstag,37,0,4,33,0,4,35,0,37,2009,10,2009-10-13
14,Mittwoch,46,0,9,37,0,9,51,2,48,2009,10,2009-10-14
15,Donnerstag,43,0,4,39,0,5,42,6,49,2009,10,2009-10-15
16,Freitag,64,0,7,57,0,8,72,6,70,2009,10,2009-10-16
17,Samstag,36,0,8,28,0,8,35,1,37,2009,10,2009-10-17
18,Sonntag,20,0,1,19,0,1,28,2,22,2009,10,2009-10-18
19,Montag,41,1,6,34,1,6,41,3,44,2009,10,2009-10-19
20,Dienstag,37,0,1,36,0,1,42,3,40,2009,10,2009-10-20
21,Mittwoch,27,1,4,22,1,4,28,0,27,2009,10,2009-10-21
22,Donnerstag,23,0,4,19,0,5,22,4,27,2009,10,2009-10-22
23,Freitag,42,0,7,35,0,7,41,4,46,2009,10,2009-10-23
24,Samstag,16,0,1,15,0,1,20,3,19,2009,10,2009-10-24
25,Sonntag,12,0,3,9,0,3,17,5,17,2009,10,2009-10-25
26,Montag,41,1,2,38,1,2,49,6,47,2009,10,2009-10-26
27,Dienstag,43,0,5,38,0,5,44,3,46,2009,10,2009-10-27
28,Mittwoch,63,0,5,58,0,5,64,5,68,2009,10,2009-10-28
29,Donnerstag,43,1,7,35,1,7,41,1,44,2009,10,2009-10-29
30,Freitag,29,0,3,26,0,3,34,3,32,2009,10,2009-10-30
31,Samstag,29,0,6,23,0,6,40,5,34,2009,10,2009-10-31
1,Freitag,49,1,3,45,1,3,50,3,52,2010,10,2010-10-01
2,Samstag,27,0,6,21,0,6,28,8,35,2010,10,2010-10-02
3,Sonntag,26,0,2,24,0,2,28,3,29,2010,10,2010-10-03
4,Montag,64,0,10,54,0,10,58,1,65,2010,10,2010-10-04
5,Dienstag,53,0,11,42,0,11,51,2,55,2010,10,2010-10-05
6,Mittwoch,49,0,5,44,0,5,51,0,49,2010,10,2010-10-06
7,Donnerstag,46,0,5,41,0,5,52,1,47,2010,10,2010-10-07
8,Freitag,57,0,7,50,0,7,63,4,61,2010,10,2010-10-08
9,Samstag,29,1,1,27,1,1,33,6,35,2010,10,2010-10-09
10,Sonntag,27,0,2,25,0,2,31,3,30,2010,10,2010-10-10
11,Montag,39,0,6,33,0,6,34,4,43,2010,10,2010-10-11
12,Dienstag,41,0,4,37,0,4,48,0,41,2010,10,2010-10-12
13,Mittwoch,45,0,7,38,0,7,47,3,48,2010,10,2010-10-13
14,Donnerstag,39,0,2,37,0,2,42,2,41,2010,10,2010-10-14
15,Freitag,56,0,9,47,0,10,57,4,60,2010,10,2010-10-15
16,Samstag,29,0,2,27,0,2,34,3,32,2010,10,2010-10-16
17,Sonntag,21,0,3,18,0,4,31,5,26,2010,10,2010-10-17
18,Montag,48,0,11,37,0,11,46,5,53,2010,10,2010-10-18
19,Dienstag,41,0,6,35,0,6,42,4,45,2010,10,2010-10-19
20,Mittwoch,42,0,4,38,0,4,47,4,46,2010,10,2010-10-20
21,Donnerstag,49,0,13,36,0,14,41,6,55,2010,10,2010-10-21
22,Freitag,27,0,3,24,0,3,30,6,33,2010,10,2010-10-22
23,Samstag,38,0,4,34,0,4,42,5,43,2010,10,2010-10-23
24,Sonntag,13,0,3,10,0,3,15,4,17,2010,10,2010-10-24
25,Montag,40,0,7,33,0,7,41,1,41,2010,10,2010-10-25
26,Dienstag,52,0,4,48,0,4,55,7,59,2010,10,2010-10-26
27,Mittwoch,45,0,9,36,0,9,41,2,47,2010,10,2010-10-27
28,Donnerstag,31,0,7,24,0,7,32,4,35,2010,10,2010-10-28
29,Freitag,55,0,7,48,0,7,55,3,58,2010,10,2010-10-29
30,Samstag,32,0,8,24,0,8,35,9,41,2010,10,2010-10-30
31,Sonntag,26,0,6,20,0,8,29,6,32,2010,10,2010-10-31
1,Samstag,23,1,5,17,1,5,28,10,33,2008,11,2008-11-01
2,Sonntag,9,0,1,8,0,1,9,8,17,2008,11,2008-11-02
3,Montag,38,0,4,34,0,5,40,4,42,2008,11,2008-11-03
4,Dienstag,43,0,1,42,0,1,46,6,49,2008,11,2008-11-04
5,Mittwoch,52,0,4,48,0,4,60,3,55,2008,11,2008-11-05
6,Donnerstag,52,0,9,43,0,9,50,4,56,2008,11,2008-11-06
7,Freitag,48,1,4,43,1,4,47,3,51,2008,11,2008-11-07
8,Samstag,22,0,4,18,0,4,22,5,27,2008,11,2008-11-08
9,Sonntag,21,0,5,16,0,5,17,2,23,2008,11,2008-11-09
10,Montag,48,1,5,42,1,6,51,5,53,2008,11,2008-11-10
11,Dienstag,44,0,3,41,0,3,51,4,48,2008,11,2008-11-11
12,Mittwoch,39,0,7,32,0,7,38,1,40,2008,11,2008-11-12
13,Donnerstag,43,0,6,37,0,6,41,0,43,2008,11,2008-11-13
14,Freitag,41,0,0,41,0,0,51,7,48,2008,11,2008-11-14
15,Samstag,42,0,3,39,0,3,55,5,47,2008,11,2008-11-15
16,Sonntag,27,0,7,20,0,10,24,10,37,2008,11,2008-11-16
17,Montag,47,0,2,45,0,2,55,0,47,2008,11,2008-11-17
18,Dienstag,61,0,9,52,0,9,64,6,67,2008,11,2008-11-18
19,Mittwoch,54,0,3,51,0,3,61,7,61,2008,11,2008-11-19
20,Donnerstag,59,1,11,47,1,11,59,6,65,2008,11,2008-11-20
21,Freitag,50,0,8,42,0,8,55,3,53,2008,11,2008-11-21
22,Samstag,26,0,6,20,0,7,26,4,30,2008,11,2008-11-22
23,Sonntag,17,0,3,14,0,3,19,6,23,2008,11,2008-11-23
24,Montag,35,0,3,32,0,4,37,3,38,2008,11,2008-11-24
25,Dienstag,30,1,4,25,1,4,30,4,34,2008,11,2008-11-25
26,Mittwoch,30,0,4,26,0,4,27,1,31,2008,11,2008-11-26
27,Donnerstag,41,0,9,32,0,9,46,2,43,2008,11,2008-11-27
28,Freitag,42,0,5,37,0,5,54,2,44,2008,11,2008-11-28
29,Samstag,19,0,2,17,0,2,25,6,25,2008,11,2008-11-29
30,Sonntag,15,1,0,14,1,0,25,4,19,2008,11,2008-11-30
1,Sonntag,20,0,6,14,0,9,19,7,27,2009,11,2009-11-01
2,Montag,58,0,8,50,0,8,58,3,61,2009,11,2009-11-02
3,Dienstag,36,1,2,33,1,3,36,6,42,2009,11,2009-11-03
4,Mittwoch,29,0,2,27,0,2,35,6,35,2009,11,2009-11-04
5,Donnerstag,44,0,9,35,0,11,39,3,47,2009,11,2009-11-05
6,Freitag,32,0,1,31,0,1,35,2,34,2009,11,2009-11-06
7,Samstag,40,0,7,33,0,7,43,6,46,2009,11,2009-11-07
8,Sonntag,16,0,1,15,0,1,26,4,20,2009,11,2009-11-08
9,Montag,60,0,11,49,0,11,61,8,68,2009,11,2009-11-09
10,Dienstag,37,0,3,34,0,3,35,4,41,2009,11,2009-11-10
11,Mittwoch,35,0,3,32,0,3,37,5,40,2009,11,2009-11-11
12,Donnerstag,51,0,3,48,0,3,57,4,55,2009,11,2009-11-12
13,Freitag,46,0,3,43,0,3,49,4,50,2009,11,2009-11-13
14,Samstag,23,0,2,21,0,2,25,10,33,2009,11,2009-11-14
15,Sonntag,17,0,2,15,0,2,18,2,19,2009,11,2009-11-15
16,Montag,44,0,3,41,0,3,45,3,47,2009,11,2009-11-16
17,Dienstag,48,0,9,39,0,10,50,1,49,2009,11,2009-11-17
18,Mittwoch,56,1,10,45,1,10,50,7,63,2009,11,2009-11-18
19,Donnerstag,42,0,5,37,0,5,45,2,44,2009,11,2009-11-19
20,Freitag,40,0,4,36,0,4,50,4,44,2009,11,2009-11-20
21,Samstag,29,0,4,25,0,4,37,6,35,2009,11,2009-11-21
22,Sonntag,10,0,0,10,0,0,11,5,15,2009,11,2009-11-22
23,Montag,50,0,12,38,0,12,45,2,52,2009,11,2009-11-23
24,Dienstag,45,0,4,41,0,5,50,1,46,2009,11,2009-11-24
25,Mittwoch,32,0,3,29,0,3,31,5,37,2009,11,2009-11-25
26,Donnerstag,32,0,4,28,0,4,35,1,33,2009,11,2009-11-26
27,Freitag,49,0,5,44,0,6,58,5,54,2009,11,2009-11-27
28,Samstag,23,0,7,16,0,7,21,1,24,2009,11,2009-11-28
29,Sonntag,17,0,5,12,0,5,14,3,20,2009,11,2009-11-29
30,Montag,30,0,4,26,0,4,31,4,34,2009,11,2009-11-30
1,Montag,31,0,4,27,0,4,31,3,34,2010,11,2010-11-01
2,Dienstag,36,0,6,30,0,6,34,2,38,2010,11,2010-11-02
3,Mittwoch,47,0,8,39,0,8,52,3,50,2010,11,2010-11-03
4,Donnerstag,77,0,13,64,0,13,80,3,80,2010,11,2010-11-04
5,Freitag,63,0,7,56,0,7,71,5,68,2010,11,2010-11-05
6,Samstag,31,0,7,24,0,7,28,6,37,2010,11,2010-11-06
7,Sonntag,17,0,2,15,0,2,17,2,19,2010,11,2010-11-07
8,Montag,42,0,3,39,0,3,41,1,43,2010,11,2010-11-08
9,Dienstag,31,0,4,27,0,4,33,3,34,2010,11,2010-11-09
10,Mittwoch,31,0,2,29,0,2,31,1,32,2010,11,2010-11-10
11,Donnerstag,49,0,4,45,0,4,48,1,50,2010,11,2010-11-11
12,Freitag,44,0,4,40,0,4,47,3,47,2010,11,2010-11-12
13,Samstag,31,1,5,25,1,7,35,6,37,2010,11,2010-11-13
14,Sonntag,25,0,6,19,0,6,26,4,29,2010,11,2010-11-14
15,Montag,37,0,2,35,0,2,41,5,42,2010,11,2010-11-15
16,Dienstag,41,0,4,37,0,4,45,4,45,2010,11,2010-11-16
17,Mittwoch,53,1,9,43,1,13,47,3,56,2010,11,2010-11-17
18,Donnerstag,73,0,12,61,0,12,69,4,77,2010,11,2010-11-18
19,Freitag,37,0,2,35,0,2,44,0,37,2010,11,2010-11-19
20,Samstag,23,1,1,21,1,2,32,4,27,2010,11,2010-11-20
21,Sonntag,20,0,2,18,0,2,20,3,23,2010,11,2010-11-21
22,Montag,43,0,2,41,0,2,45,5,48,2010,11,2010-11-22
23,Dienstag,37,0,6,31,0,6,35,1,38,2010,11,2010-11-23
24,Mittwoch,41,0,9,32,0,9,33,4,45,2010,11,2010-11-24
25,Donnerstag,38,0,1,37,0,1,39,7,45,2010,11,2010-11-25
26,Freitag,43,1,6,36,1,7,43,2,45,2010,11,2010-11-26
27,Samstag,18,0,2,16,0,2,24,4,22,2010,11,2010-11-27
28,Sonntag,15,0,0,15,0,0,22,5,20,2010,11,2010-11-28
29,Montag,24,1,4,19,1,7,20,2,26,2010,11,2010-11-29
30,Dienstag,32,0,2,30,0,2,36,4,36,2010,11,2010-11-30
1,Montag,52,0,7,45,0,7,48,5,57,2008,12,2008-12-01
2,Dienstag,23,0,3,20,0,3,24,3,26,2008,12,2008-12-02
3,Mittwoch,47,0,8,39,0,8,40,2,49,2008,12,2008-12-03
4,Donnerstag,36,0,3,33,0,3,39,2,38,2008,12,2008-12-04
5,Freitag,58,0,4,54,0,4,67,6,64,2008,12,2008-12-05
6,Samstag,27,0,3,24,0,3,32,8,35,2008,12,2008-12-06
7,Sonntag,15,0,4,11,0,4,16,2,17,2008,12,2008-12-07
8,Montag,38,1,7,30,1,7,37,4,42,2008,12,2008-12-08
9,Dienstag,40,0,3,37,0,3,41,3,43,2008,12,2008-12-09
10,Mittwoch,35,2,1,32,2,1,41,2,37,2008,12,2008-12-10
11,Donnerstag,46,0,3,43,0,4,50,3,49,2008,12,2008-12-11
12,Freitag,40,0,5,35,0,5,45,3,43,2008,12,2008-12-12
13,Samstag,27,0,7,20,0,7,36,5,32,2008,12,2008-12-13
14,Sonntag,17,0,4,13,0,4,24,4,21,2008,12,2008-12-14
15,Montag,34,1,3,30,1,3,38,3,37,2008,12,2008-12-15
16,Dienstag,27,0,3,24,0,4,28,4,31,2008,12,2008-12-16
17,Mittwoch,33,0,2,31,0,2,35,6,39,2008,12,2008-12-17
18,Donnerstag,21,0,3,18,0,3,19,4,25,2008,12,2008-12-18
19,Freitag,42,0,2,40,0,2,46,4,46,2008,12,2008-12-19
20,Samstag,28,0,2,26,0,2,30,12,40,2008,12,2008-12-20
21,Sonntag,22,1,2,19,1,2,26,6,28,2008,12,2008-12-21
22,Montag,34,0,3,31,0,4,33,5,39,2008,12,2008-12-22
23,Dienstag,30,0,3,27,0,3,29,3,33,2008,12,2008-12-23
24,Mittwoch,25,0,4,21,0,4,34,5,30,2008,12,2008-12-24
25,Donnerstag,8,1,1,6,1,1,9,2,10,2008,12,2008-12-25
26,Freitag,12,0,3,9,0,4,14,3,15,2008,12,2008-12-26
27,Samstag,11,0,3,8,0,4,9,7,18,2008,12,2008-12-27
28,Sonntag,16,0,4,12,0,4,17,3,19,2008,12,2008-12-28
29,Montag,17,0,2,15,0,2,22,3,20,2008,12,2008-12-29
30,Dienstag,26,0,4,22,0,4,27,7,33,2008,12,2008-12-30
31,Mittwoch,18,0,1,17,0,1,21,6,24,2008,12,2008-12-31
1,Dienstag,59,0,6,53,0,6,58,2,61,2009,12,2009-12-01
2,Mittwoch,34,0,4,30,0,4,38,9,43,2009,12,2009-12-02
3,Donnerstag,34,0,6,28,0,6,31,3,37,2009,12,2009-12-03
4,Freitag,37,0,7,30,0,7,35,1,38,2009,12,2009-12-04
5,Samstag,30,0,4,26,0,4,36,8,38,2009,12,2009-12-05
6,Sonntag,23,0,3,20,0,3,28,4,27,2009,12,2009-12-06
7,Montag,57,0,6,51,0,7,63,5,62,2009,12,2009-12-07
8,Dienstag,53,0,4,49,0,4,55,5,58,2009,12,2009-12-08
9,Mittwoch,32,0,3,29,0,3,32,1,33,2009,12,2009-12-09
10,Donnerstag,53,1,8,44,1,8,58,8,61,2009,12,2009-12-10
11,Freitag,40,0,5,35,0,5,44,7,47,2009,12,2009-12-11
12,Samstag,32,0,2,30,0,2,33,3,35,2009,12,2009-12-12
13,Sonntag,11,0,1,10,0,1,11,4,15,2009,12,2009-12-13
14,Montag,25,1,3,21,1,3,27,1,26,2009,12,2009-12-14
15,Dienstag,40,0,6,34,0,6,37,7,47,2009,12,2009-12-15
16,Mittwoch,30,0,4,26,0,4,30,5,35,2009,12,2009-12-16
17,Donnerstag,25,0,4,21,0,4,25,3,28,2009,12,2009-12-17
18,Freitag,22,0,3,19,0,3,19,5,27,2009,12,2009-12-18
19,Samstag,19,0,5,14,0,6,17,6,25,2009,12,2009-12-19
20,Sonntag,18,0,1,17,0,1,25,4,22,2009,12,2009-12-20
21,Montag,23,0,1,22,0,1,28,3,26,2009,12,2009-12-21
22,Dienstag,16,0,1,15,0,1,18,3,19,2009,12,2009-12-22
23,Mittwoch,23,0,2,21,0,2,23,1,24,2009,12,2009-12-23
24,Donnerstag,6,0,0,6,0,0,6,2,8,2009,12,2009-12-24
25,Freitag,9,0,3,6,0,4,7,2,11,2009,12,2009-12-25
26,Samstag,13,0,3,10,0,3,14,2,15,2009,12,2009-12-26
27,Sonntag,16,0,2,14,0,2,20,6,22,2009,12,2009-12-27
28,Montag,20,0,2,18,0,2,20,6,26,2009,12,2009-12-28
29,Dienstag,18,0,2,16,0,2,20,2,20,2009,12,2009-12-29
30,Mittwoch,19,0,2,17,0,2,18,2,21,2009,12,2009-12-30
31,Donnerstag,7,0,0,7,0,0,11,6,13,2009,12,2009-12-31
1,Mittwoch,32,1,2,29,1,3,34,6,38,2010,12,2010-12-01
2,Donnerstag,20,0,1,19,0,1,21,7,27,2010,12,2010-12-02
3,Freitag,15,0,1,14,0,1,18,2,17,2010,12,2010-12-03
4,Samstag,15,0,2,13,0,2,21,3,18,2010,12,2010-12-04
5,Sonntag,10,0,2,8,0,2,11,3,13,2010,12,2010-12-05
6,Montag,17,0,2,15,0,2,18,4,21,2010,12,2010-12-06
7,Dienstag,25,0,3,22,0,3,24,5,30,2010,12,2010-12-07
8,Mittwoch,21,0,0,21,0,0,21,7,28,2010,12,2010-12-08
9,Donnerstag,22,1,3,18,1,3,19,2,24,2010,12,2010-12-09
10,Freitag,15,0,5,10,0,5,12,4,19,2010,12,2010-12-10
11,Samstag,15,0,0,15,0,0,15,2,17,2010,12,2010-12-11
12,Sonntag,11,0,2,9,0,2,11,2,13,2010,12,2010-12-12
13,Montag,21,0,3,18,0,3,18,2,23,2010,12,2010-12-13
14,Dienstag,25,0,4,21,0,4,23,3,28,2010,12,2010-12-14
15,Mittwoch,21,0,2,19,0,2,20,9,30,2010,12,2010-12-15
16,Donnerstag,16,0,1,15,0,1,16,3,19,2010,12,2010-12-16
17,Freitag,19,0,4,15,0,5,19,3,22,2010,12,2010-12-17
18,Samstag,23,1,2,20,1,2,24,5,28,2010,12,2010-12-18
19,Sonntag,9,0,0,9,0,0,13,5,14,2010,12,2010-12-19
20,Montag,22,0,1,21,0,1,26,2,24,2010,12,2010-12-20
21,Dienstag,19,0,3,16,0,3,18,2,21,2010,12,2010-12-21
22,Mittwoch,10,0,4,6,0,4,7,4,14,2010,12,2010-12-22
23,Donnerstag,14,0,1,13,0,1,14,1,15,2010,12,2010-12-23
24,Freitag,12,0,1,11,0,1,14,6,18,2010,12,2010-12-24
25,Samstag,9,0,1,8,0,1,13,2,11,2010,12,2010-12-25
26,Sonntag,11,0,2,9,0,2,10,1,12,2010,12,2010-12-26
27,Montag,14,0,0,14,0,0,16,4,18,2010,12,2010-12-27
28,Dienstag,12,0,1,11,0,1,11,1,13,2010,12,2010-12-28
29,Mittwoch,14,0,1,13,0,1,13,3,17,2010,12,2010-12-29
30,Donnerstag,13,0,2,11,0,2,18,0,13,2010,12,2010-12-30
31,Freitag,4,0,0,4,0,0,5,3,7,2010,12,2010-12-31
